race_id,row,col,exacta,exacta_reverse,quinella_place,verdict
2016-06-10_2_05,1,6,9999.9,9999.9,63.1,bet placed
2016-06-10_2_05,6,1,9999.9,9999.9,63.1,bet placed
2016-06-10_2_05,9,5,9999.9,4032.1,32.1,bet placed
2016-06-10_2_05,9,6,9999.9,1619.7,54.2,bet placed
2016-06-10_2_08,9,2,9999.9,1322.4,91.6,bet placed
2016-06-10_3_01,2,4,9999.9,6416.4,379.3,bet placed
2016-06-10_3_01,2,8,9999.9,9999.9,553.7,bet placed
2016-06-10_3_01,4,8,9999.9,9624.6,1396.0,bet placed
2016-06-10_3_01,4,11,9999.9,9999.9,520.7,bet placed
2016-06-10_3_01,6,4,9999.9,5938.6,287.1,bet placed
2016-06-10_3_01,7,4,9999.9,7156.7,397.6,bet placed
2016-06-10_3_01,8,2,9999.9,9999.9,553.7,bet placed
2016-06-10_3_01,10,2,9999.9,8860.7,403.8,bet placed
2016-06-10_3_01,11,4,9999.9,9999.9,520.7,bet placed
2016-06-11_1_02,8,10,9999.9,7136.4,499.7,bet placed
2016-06-11_1_02,9,10,9999.9,9999.9,395.7,bet placed
2016-06-11_1_02,10,9,9999.9,9999.9,395.7,bet placed
2016-06-11_1_05,1,9,9999.9,9999.9,887.2,bet placed
2016-06-11_1_05,4,1,9999.9,3187.0,220.8,bet placed
2016-06-11_1_05,6,1,9999.9,8787.6,629.0,bet placed
2016-06-11_1_05,7,1,9999.9,7355.7,268.5,bet placed
2016-06-11_1_05,9,1,9999.9,9999.9,887.2,bet placed
2016-06-11_1_05,10,1,9999.9,4993.0,248.4,bet placed
2016-06-11_1_05,10,3,9999.9,4073.4,248.4,bet placed
2016-06-12_1_01,2,10,9999.9,9999.9,611.7,bet placed
2016-06-12_1_01,4,10,9999.9,6886.6,578.9,bet placed
2016-06-12_1_01,6,10,9999.9,4615.9,354.4,bet placed
2016-06-12_1_01,9,10,9999.9,9999.9,434.8,bet placed
2016-06-12_1_01,10,2,9999.9,9999.9,611.7,bet placed
2016-06-12_1_01,10,9,9999.9,9999.9,434.8,bet placed
2016-06-17_2_05,1,9,9999.9,4130.4,86.2,bet placed
2016-06-17_2_05,4,6,9999.9,9999.9,36.5,bet placed
2016-06-17_2_05,6,4,9999.9,9999.9,36.5,bet placed
2016-06-17_2_05,6,9,9999.9,5782.6,53.9,bet placed
2016-06-17_2_05,9,5,9999.9,1577.1,70.7,bet placed
2016-06-17_2_07,1,7,9999.9,3042.2,309.4,bet placed
2016-06-17_2_07,1,9,9999.9,7284.1,331.8,bet placed
2016-06-17_2_07,5,7,9999.9,3273.3,71.2,bet placed
2016-06-17_2_07,5,9,9999.9,8619.6,239.5,bet placed
2016-06-17_2_07,7,9,9999.9,9999.9,387.8,bet placed
2016-06-17_2_07,9,7,9999.9,9999.9,387.8,bet placed
2016-06-17_3_03,7,4,9999.9,6120.1,415.3,bet placed
2016-06-18_1_01,2,9,9999.9,3560.5,219.5,bet placed
2016-06-18_1_01,5,9,9999.9,5901.7,275.2,bet placed
2016-06-18_1_01,11,9,9999.9,3943.5,219.2,bet placed
2016-06-18_1_05,7,11,9999.9,9999.9,367.1,bet placed
2016-06-18_1_05,11,7,9999.9,9999.9,367.1,bet placed
2016-06-18_2_08,6,8,9999.9,3477.2,69.7,bet placed
2016-06-18_2_09,3,9,9999.9,3423.5,128.7,bet placed
2016-06-18_2_09,5,8,9999.9,868.1,125.1,bet placed
2016-06-18_2_09,8,9,9999.9,9999.9,82.2,bet placed
2016-06-18_2_09,9,8,9999.9,9999.9,82.2,bet placed
2016-06-19_1_01,3,6,9999.9,9589.9,442.8,bet placed
2016-06-19_1_01,3,11,9999.9,7944.4,448.0,bet placed
2016-06-19_1_01,4,11,9999.9,9999.9,961.2,bet placed
2016-06-19_1_01,5,11,9999.9,9999.9,642.6,bet placed
2016-06-19_1_01,6,11,9999.9,9999.9,1072.3,bet placed
2016-06-19_1_01,11,4,9999.9,9999.9,961.2,bet placed
2016-06-19_1_01,11,5,9999.9,9999.9,642.6,bet placed
2016-06-19_1_01,11,6,9999.9,9999.9,1072.3,bet placed
2016-06-19_1_01,11,9,9999.9,9407.2,636.6,bet placed
2016-06-24_3_01,7,12,9999.9,8845.7,227.2,bet placed
2016-06-24_3_02,11,7,9999.9,8272.5,370.8,bet placed
2016-06-24_3_04,4,7,9999.9,8190.7,404.3,bet placed
2016-06-25_1_01,3,6,9999.9,9999.9,893.9,bet placed
2016-06-25_1_01,3,11,9999.9,9999.9,494.6,bet placed
2016-06-25_1_01,3,12,9999.9,9999.9,451.6,bet placed
2016-06-25_1_01,5,3,9999.9,9754.1,308.9,bet placed
2016-06-25_1_01,5,11,9999.9,9999.9,305.9,bet placed
2016-06-25_1_01,6,3,9999.9,9999.9,893.9,bet placed
2016-06-25_1_01,6,10,9999.9,9999.9,299.2,bet placed
2016-06-25_1_01,6,11,9999.9,9999.9,1275.5,bet placed
2016-06-25_1_01,6,12,9999.9,9999.9,1096.0,bet placed
2016-06-25_1_01,10,3,9999.9,9579.1,188.7,bet placed
2016-06-25_1_01,10,6,9999.9,9999.9,299.2,bet placed
2016-06-25_1_01,11,3,9999.9,9999.9,494.6,bet placed
2016-06-25_1_01,11,5,9999.9,9999.9,305.9,bet placed
2016-06-25_1_01,11,6,9999.9,9999.9,1275.5,bet placed
2016-06-25_1_01,12,3,9999.9,9999.9,451.6,bet placed
2016-06-25_1_01,12,6,9999.9,9999.9,1096.0,bet placed
2016-06-25_1_02,5,7,9999.9,4107.8,180.6,bet placed
2016-06-25_1_02,7,10,9999.9,9999.9,500.8,bet placed
2016-06-25_1_02,7,12,9999.9,8597.7,466.9,bet placed
2016-06-25_1_02,10,7,9999.9,9999.9,500.8,bet placed
2016-06-25_2_01,3,9,9999.9,9999.9,622.4,bet placed
2016-06-25_2_01,5,9,9999.9,9999.9,96.3,bet placed
2016-06-25_2_01,9,3,9999.9,9999.9,622.4,bet placed
2016-06-25_2_01,9,5,9999.9,9999.9,96.3,bet placed
2016-06-26_1_01,5,7,9999.9,8140.8,321.4,bet placed
2016-06-26_1_01,6,7,9999.9,8216.1,412.2,bet placed
2016-06-26_1_01,12,7,9999.9,6414.5,386.7,bet placed
2016-06-26_1_02,7,12,9999.9,9387.1,511.3,bet placed
2016-06-26_1_03,5,11,9999.9,9999.9,870.7,bet placed
2016-06-26_1_03,11,5,9999.9,9999.9,870.7,bet placed
2016-07-01_3_01,3,6,9999.9,6514.2,144.0,bet placed
2016-07-01_3_03,5,9,9999.9,9999.9,651.3,bet placed
2016-07-01_3_03,9,5,9999.9,9999.9,651.3,bet placed
2016-07-03_1_01,3,8,9999.9,7492.1,277.9,bet placed
2016-07-03_3_05,1,9,9999.9,4927.5,442.2,bet placed
2016-07-03_3_05,1,12,9999.9,4497.9,478.3,bet placed
2016-07-03_3_05,3,12,9999.9,9999.9,409.5,bet placed
2016-07-03_3_05,4,12,9999.9,9999.9,1095.2,bet placed
2016-07-03_3_05,4,15,9999.9,9999.9,2413.4,bet placed
2016-07-03_3_05,6,9,9999.9,9999.9,1095.2,bet placed
2016-07-03_3_05,6,11,9999.9,9999.9,1296.8,bet placed
2016-07-03_3_05,6,12,9999.9,9999.9,2276.4,bet placed
2016-07-03_3_05,6,15,9999.9,9120.0,1223.7,bet placed
2016-07-03_3_05,9,6,9999.9,9999.9,1095.2,bet placed
2016-07-03_3_05,9,12,9999.9,9999.9,974.4,bet placed
2016-07-03_3_05,11,4,9999.9,9086.5,772.3,bet placed
2016-07-03_3_05,11,6,9999.9,9999.9,1296.8,bet placed
2016-07-03_3_05,11,12,9999.9,8811.6,515.1,bet placed
2016-07-03_3_05,12,3,9999.9,9999.9,409.5,bet placed
2016-07-03_3_05,12,4,9999.9,9999.9,1095.2,bet placed
2016-07-03_3_05,12,6,9999.9,9999.9,2276.4,bet placed
2016-07-03_3_05,12,9,9999.9,9999.9,974.4,bet placed
2016-07-03_3_05,14,4,9999.9,8158.4,840.8,bet placed
2016-07-03_3_05,15,4,9999.9,9999.9,2413.4,bet placed
2016-07-03_3_05,15,12,9999.9,7145.9,730.1,bet placed
2016-07-03_3_05,16,4,9999.9,3527.2,561.1,bet placed
2016-07-15_3_01,5,8,9999.9,6298.9,370.3,bet placed
2016-07-15_3_01,6,8,9999.9,9999.9,445.7,bet placed
2016-07-15_3_01,8,6,9999.9,9999.9,445.7,bet placed
2016-07-15_3_01,8,11,9999.9,9999.9,1985.0,bet placed
2016-07-15_3_01,11,8,9999.9,9999.9,1985.0,bet placed
2016-07-15_3_01,12,8,9999.9,4976.4,505.1,bet placed
2016-07-16_1_02,4,10,9999.9,9999.9,657.7,bet placed
2016-07-16_1_02,4,11,9999.9,9999.9,305.1,bet placed
2016-07-16_1_02,5,10,9999.9,9999.9,501.6,bet placed
2016-07-16_1_02,6,10,9999.9,6557.5,486.7,bet placed
2016-07-16_1_02,10,1,9999.9,9654.6,654.4,bet placed
2016-07-16_1_02,10,4,9999.9,9999.9,657.7,bet placed
2016-07-16_1_02,10,5,9999.9,9999.9,501.6,bet placed
2016-07-16_1_02,10,11,9999.9,9999.9,426.6,bet placed
2016-07-16_1_02,11,4,9999.9,9999.9,305.1,bet placed
2016-07-16_1_02,11,10,9999.9,9999.9,426.6,bet placed
2016-07-16_1_03,7,3,9999.9,6359.3,500.2,bet placed
2016-07-16_1_03,9,3,9999.9,8520.4,635.0,bet placed
2016-07-16_1_12,3,9,9999.9,7304.6,447.2,bet placed
2016-07-16_2_05,10,4,9999.9,3937.1,54.4,bet placed
2016-07-17_1_01,7,12,9999.9,7665.1,524.1,bet placed
2016-07-17_1_01,12,9,9999.9,8536.1,340.2,bet placed
2016-07-22_2_05,3,10,9999.9,9999.9,133.6,bet placed
2016-07-22_2_05,5,10,9999.9,8318.4,233.0,bet placed
2016-07-22_2_05,10,3,9999.9,9999.9,133.6,bet placed
2016-07-24_3_05,2,7,9999.9,9999.9,1431.7,bet placed
2016-07-24_3_05,2,12,9999.9,9999.9,1260.3,bet placed
2016-07-24_3_05,2,15,9999.9,9999.9,1421.0,bet placed
2016-07-24_3_05,3,9,9999.9,9507.8,705.2,bet placed
2016-07-24_3_05,3,12,9999.9,9999.9,1227.6,bet placed
2016-07-24_3_05,5,2,9999.9,4901.4,869.1,bet placed
2016-07-24_3_05,7,2,9999.9,9999.9,1431.7,bet placed
2016-07-24_3_05,7,12,9999.9,9999.9,1013.2,bet placed
2016-07-24_3_05,9,2,9999.9,6878.2,858.6,bet placed
2016-07-24_3_05,10,2,9999.9,8114.6,1450.0,bet placed
2016-07-24_3_05,10,3,9999.9,6599.4,681.5,bet placed
2016-07-24_3_05,11,2,9999.9,6090.6,602.1,bet placed
2016-07-24_3_05,12,2,9999.9,9999.9,1260.3,bet placed
2016-07-24_3_05,12,3,9999.9,9999.9,1227.6,bet placed
2016-07-24_3_05,12,7,9999.9,9999.9,1013.2,bet placed
2016-07-24_3_05,12,9,9999.9,8692.4,1091.0,bet placed
2016-07-24_3_05,13,2,9999.9,3996.9,618.5,bet placed
2016-07-24_3_05,15,2,9999.9,9999.9,1421.0,bet placed
2016-07-24_3_05,15,3,9999.9,4724.6,857.3,bet placed
2016-07-24_3_05,15,7,9999.9,8176.4,757.9,bet placed
2016-07-30_1_01,2,9,9999.9,6959.1,685.9,bet placed
2016-07-30_1_03,12,5,9999.9,9007.9,431.7,bet placed
2016-07-30_1_03,12,7,9999.9,7063.2,643.1,bet placed
2016-07-30_1_05,2,8,9999.9,9811.9,418.9,bet placed
2016-07-31_1_08,1,12,9999.9,9999.9,572.7,bet placed
2016-07-31_1_08,12,1,9999.9,9999.9,572.7,bet placed
2016-07-31_1_13,1,8,9999.9,8716.8,401.1,bet placed
2016-07-31_1_13,2,8,9999.9,9753.9,309.1,bet placed
2016-07-31_1_13,3,10,9999.9,5515.4,280.7,bet placed
2016-08-13_1_01,4,8,9999.9,9999.9,512.5,bet placed
2016-08-13_1_01,7,12,9999.9,7021.5,445.7,bet placed
2016-08-13_1_01,8,4,9999.9,9999.9,512.5,bet placed
2016-08-13_1_01,8,12,9999.9,9999.9,588.4,bet placed
2016-08-13_1_01,12,8,9999.9,9999.9,588.4,bet placed
2016-08-13_1_08,3,5,9999.9,9999.9,891.8,bet placed
2016-08-13_1_08,3,7,9999.9,9999.9,676.5,bet placed
2016-08-13_1_08,4,7,9999.9,5378.3,436.4,bet placed
2016-08-13_1_08,5,3,9999.9,9999.9,891.8,bet placed
2016-08-13_1_08,5,7,9999.9,9999.9,704.7,bet placed
2016-08-13_1_08,7,3,9999.9,9999.9,676.5,bet placed
2016-08-13_1_08,7,5,9999.9,9999.9,704.7,bet placed
2016-08-13_1_08,14,5,9999.9,8505.7,857.5,bet placed
2016-08-13_1_15,3,12,9999.9,7278.4,343.1,bet placed
2016-08-13_1_15,6,10,9999.9,8372.2,587.6,bet placed
2016-08-13_1_15,6,12,9999.9,9285.2,931.4,bet placed
2016-08-14_1_04,14,7,9999.9,9584.6,464.8,bet placed
2016-08-19_2_08,2,9,9999.9,9999.9,91.9,bet placed
2016-08-19_2_08,9,2,9999.9,9999.9,91.9,bet placed
2016-08-20_1_01,1,7,9999.9,9999.9,522.7,bet placed
2016-08-20_1_01,7,1,9999.9,9999.9,522.7,bet placed
2016-08-20_1_05,5,12,9999.9,6977.7,354.1,bet placed
2016-08-20_1_05,9,12,9999.9,9999.9,468.7,bet placed
2016-08-20_1_05,11,9,9999.9,5083.9,382.8,bet placed
2016-08-20_1_05,12,9,9999.9,9999.9,468.7,bet placed
2016-08-20_2_04,3,5,9999.9,7517.6,240.3,bet placed
2016-08-20_2_04,4,5,9999.9,2130.0,425.1,bet placed
2016-08-20_2_04,6,5,9999.9,6726.3,125.6,bet placed
2016-08-20_2_04,9,8,9999.9,5325.0,157.9,bet placed
2016-08-21_1_05,2,12,9999.9,7301.6,217.1,bet placed
2016-08-21_1_05,4,12,9999.9,9999.9,536.9,bet placed
2016-08-21_1_05,5,11,9999.9,9999.9,732.7,bet placed
2016-08-21_1_05,5,12,9999.9,9999.9,885.7,bet placed
2016-08-21_1_05,5,14,9999.9,9999.9,1002.1,bet placed
2016-08-21_1_05,6,12,9999.9,6296.3,366.9,bet placed
2016-08-21_1_05,8,14,9999.9,9088.8,555.2,bet placed
2016-08-21_1_05,11,5,9999.9,9999.9,732.7,bet placed
2016-08-21_1_05,11,12,9999.9,9999.9,491.0,bet placed
2016-08-21_1_05,12,4,9999.9,9999.9,536.9,bet placed
2016-08-21_1_05,12,5,9999.9,9999.9,885.7,bet placed
2016-08-21_1_05,12,11,9999.9,9999.9,491.0,bet placed
2016-08-21_1_05,12,14,9999.9,9999.9,884.1,bet placed
2016-08-21_1_05,14,5,9999.9,9999.9,1002.1,bet placed
2016-08-21_1_05,14,11,9999.9,9302.9,719.8,bet placed
2016-08-21_1_05,14,12,9999.9,9999.9,884.1,bet placed
2016-08-28_1_01,3,11,9999.9,2780.1,219.0,bet placed
2016-09-02_2_08,1,6,9999.9,3338.4,80.1,bet placed
2016-09-02_2_08,2,6,9999.9,697.3,30.1,bet placed
2016-09-02_2_08,4,10,9999.9,1748.7,277.3,bet placed
2016-09-02_2_08,7,4,9999.9,2369.2,308.1,bet placed
2016-09-02_2_08,7,10,9999.9,9999.9,355.5,bet placed
2016-09-02_2_08,10,7,9999.9,9999.9,355.5,bet placed
2016-09-02_3_02,2,14,9999.9,9999.9,677.3,bet placed
2016-09-02_3_02,4,14,9999.9,8903.8,805.3,bet placed
2016-09-02_3_02,5,13,9999.9,9999.9,1105.4,bet placed
2016-09-02_3_02,5,14,9999.9,9999.9,816.6,bet placed
2016-09-02_3_02,6,14,9999.9,9999.9,871.2,bet placed
2016-09-02_3_02,8,14,9999.9,5904.3,420.7,bet placed
2016-09-02_3_02,12,5,9999.9,4840.2,608.7,bet placed
2016-09-02_3_02,13,5,9999.9,9999.9,1105.4,bet placed
2016-09-02_3_02,14,2,9999.9,9999.9,677.3,bet placed
2016-09-02_3_02,14,5,9999.9,9999.9,816.6,bet placed
2016-09-02_3_02,14,6,9999.9,9999.9,871.2,bet placed
2016-09-03_1_08,12,7,9999.9,8639.9,553.3,bet placed
2016-09-09_2_05,2,8,9999.9,4895.0,174.6,bet placed
2016-09-09_2_05,3,8,9999.9,3543.6,124.8,bet placed
2016-09-09_2_08,6,7,9999.9,1549.5,115.5,bet placed
2016-09-09_2_08,8,7,9999.9,3514.0,386.8,bet placed
2016-09-10_1_01,2,12,9999.9,6413.4,310.0,bet placed
2016-09-10_1_01,4,12,9999.9,6690.7,276.3,bet placed
2016-09-10_1_02,7,12,9999.9,9999.9,505.1,bet placed
2016-09-10_1_02,9,12,9999.9,6325.5,409.4,bet placed
2016-09-10_1_02,12,7,9999.9,9999.9,505.1,bet placed
2016-09-10_2_06,9,1,9999.9,6658.1,46.0,bet placed
2016-09-11_1_06,3,7,9999.9,6485.6,651.0,bet placed
2016-09-11_1_06,4,7,9999.9,9480.7,727.1,bet placed
2016-09-11_1_06,4,13,9999.9,8329.7,516.5,bet placed
2016-09-11_1_06,6,8,9999.9,8263.7,709.2,bet placed
2016-09-11_1_06,6,13,9999.9,7449.1,288.8,bet placed
2016-09-11_1_06,7,8,9999.9,9999.9,788.9,bet placed
2016-09-11_1_06,7,13,9999.9,9999.9,1177.4,bet placed
2016-09-11_1_06,8,7,9999.9,9999.9,788.9,bet placed
2016-09-11_1_06,10,7,9999.9,7817.7,686.1,bet placed
2016-09-11_1_06,10,13,9999.9,9602.9,498.2,bet placed
2016-09-11_1_06,12,8,9999.9,6244.8,767.9,bet placed
2016-09-11_1_06,13,7,9999.9,9999.9,1177.4,bet placed
2016-09-11_1_06,13,8,9999.9,8224.6,495.9,bet placed
2016-09-11_3_01,2,11,9999.9,9999.9,697.8,bet placed
2016-09-11_3_01,3,11,9999.9,9999.9,786.3,bet placed
2016-09-11_3_01,7,3,9999.9,6991.0,533.5,bet placed
2016-09-11_3_01,11,2,9999.9,9999.9,697.8,bet placed
2016-09-11_3_01,11,3,9999.9,9999.9,786.3,bet placed
2016-09-23_2_05,1,5,9999.9,2745.7,206.4,bet placed
2016-09-23_3_01,4,9,9999.9,9999.9,535.6,bet placed
2016-09-23_3_01,9,4,9999.9,9999.9,535.6,bet placed
2016-09-23_3_01,12,2,9999.9,5811.2,441.3,bet placed
2016-09-23_3_02,2,12,9999.9,9999.9,800.0,bet placed
2016-09-23_3_02,3,12,9999.9,7512.6,775.0,bet placed
2016-09-23_3_02,4,12,9999.9,9234.2,609.9,bet placed
2016-09-23_3_02,6,12,9999.9,4581.3,499.3,bet placed
2016-09-23_3_02,12,2,9999.9,9999.9,800.0,bet placed
2016-09-23_3_03,1,12,9999.9,9999.9,351.1,bet placed
2016-09-23_3_03,2,6,9999.9,9999.9,371.1,bet placed
2016-09-23_3_03,2,7,9999.9,9999.9,847.5,bet placed
2016-09-23_3_03,2,11,9999.9,9999.9,425.1,bet placed
2016-09-23_3_03,2,12,9999.9,9999.9,781.3,bet placed
2016-09-23_3_03,3,7,9999.9,9167.0,580.7,bet placed
2016-09-23_3_03,3,12,9999.9,9999.9,636.1,bet placed
2016-09-23_3_03,4,12,9999.9,9004.0,647.2,bet placed
2016-09-23_3_03,5,7,9999.9,9999.9,1794.3,bet placed
2016-09-23_3_03,5,11,9999.9,9999.9,1406.3,bet placed
2016-09-23_3_03,5,12,9999.9,9999.9,867.2,bet placed
2016-09-23_3_03,6,2,9999.9,9999.9,371.1,bet placed
2016-09-23_3_03,6,7,9999.9,9999.9,867.2,bet placed
2016-09-23_3_03,6,11,9999.9,9999.9,903.4,bet placed
2016-09-23_3_03,6,12,9999.9,9999.9,2477.8,bet placed
2016-09-23_3_03,7,1,9999.9,7944.7,516.2,bet placed
2016-09-23_3_03,7,2,9999.9,9999.9,847.5,bet placed
2016-09-23_3_03,7,5,9999.9,9999.9,1794.3,bet placed
2016-09-23_3_03,7,6,9999.9,9999.9,867.2,bet placed
2016-09-23_3_03,7,11,9999.9,9999.9,978.1,bet placed
2016-09-23_3_03,7,12,9999.9,9999.9,2797.5,bet placed
2016-09-23_3_03,9,12,9999.9,2712.0,361.8,bet placed
2016-09-23_3_03,11,2,9999.9,9999.9,425.1,bet placed
2016-09-23_3_03,11,5,9999.9,9999.9,1406.3,bet placed
2016-09-23_3_03,11,6,9999.9,9999.9,903.4,bet placed
2016-09-23_3_03,11,7,9999.9,9999.9,978.1,bet placed
2016-09-23_3_03,11,12,9999.9,9999.9,414.9,bet placed
2016-09-23_3_03,12,1,9999.9,9999.9,351.1,bet placed
2016-09-23_3_03,12,2,9999.9,9999.9,781.3,bet placed
2016-09-23_3_03,12,3,9999.9,9999.9,636.1,bet placed
2016-09-23_3_03,12,5,9999.9,9999.9,867.2,bet placed
2016-09-23_3_03,12,6,9999.9,9999.9,2477.8,bet placed
2016-09-23_3_03,12,7,9999.9,9999.9,2797.5,bet placed
2016-09-23_3_03,12,11,9999.9,9999.9,414.9,bet placed
2016-09-23_3_03,13,7,9999.9,9979.8,626.9,bet placed
2016-09-23_3_03,14,7,9999.9,8202.0,405.9,bet placed
2016-09-23_3_03,14,12,9999.9,9250.7,302.9,bet placed
2016-09-23_3_07,3,12,9999.9,9999.9,537.8,bet placed
2016-09-23_3_07,3,13,9999.9,9999.9,732.4,bet placed
2016-09-23_3_07,4,13,9999.9,5319.5,260.5,bet placed
2016-09-23_3_07,5,13,9999.9,7826.8,397.6,bet placed
2016-09-23_3_07,6,13,9999.9,9999.9,620.7,bet placed
2016-09-23_3_07,7,13,9999.9,3561.0,241.5,bet placed
2016-09-23_3_07,8,13,9999.9,9999.9,649.7,bet placed
2016-09-23_3_07,9,13,9999.9,7122.1,343.9,bet placed
2016-09-23_3_07,10,3,9999.9,9726.6,568.9,bet placed
2016-09-23_3_07,12,3,9999.9,9999.9,537.8,bet placed
2016-09-23_3_07,13,3,9999.9,9999.9,732.4,bet placed
2016-09-23_3_07,13,6,9999.9,9999.9,620.7,bet placed
2016-09-23_3_07,13,8,9999.9,9999.9,649.7,bet placed
2016-09-24_1_01,1,6,9999.9,6784.5,361.1,bet placed
2016-09-24_1_01,1,8,9999.9,9999.9,507.5,bet placed
2016-09-24_1_01,8,1,9999.9,9999.9,507.5,bet placed
2016-09-24_2_04,3,7,9999.9,4712.7,35.0,bet placed
2016-09-24_2_08,2,6,9999.9,4066.2,106.4,bet placed
2016-09-24_2_08,2,7,9999.9,2517.2,83.8,bet placed
2016-09-24_2_08,9,6,9999.9,2093.5,115.6,bet placed
2016-09-25_1_01,3,11,9999.9,7835.1,654.0,bet placed
2016-09-25_1_06,3,11,9999.9,7188.8,505.1,bet placed
2016-09-25_1_06,4,11,9999.9,3974.2,580.6,bet placed
2016-09-25_1_11,1,13,9999.9,9999.9,1086.7,bet placed
2016-09-25_1_11,3,13,9999.9,9999.9,1132.9,bet placed
2016-09-25_1_11,12,3,9999.9,8715.3,756.3,bet placed
2016-09-25_1_11,13,1,9999.9,9999.9,1086.7,bet placed
2016-09-25_1_11,13,3,9999.9,9999.9,1132.9,bet placed
2016-09-25_3_01,3,7,9999.9,9999.9,460.1,bet placed
2016-09-25_3_01,3,8,9999.9,9999.9,624.2,bet placed
2016-09-25_3_01,6,8,9999.9,8435.0,741.7,bet placed
2016-09-25_3_01,7,3,9999.9,9999.9,460.1,bet placed
2016-09-25_3_01,8,3,9999.9,9999.9,624.2,bet placed
2016-09-25_3_01,11,8,9999.9,9041.3,323.7,bet placed
2016-09-30_3_01,10,2,9999.9,6049.5,683.5,bet placed
2016-09-30_3_02,5,10,9999.9,7884.2,704.7,bet placed
2016-09-30_3_02,6,10,9999.9,6178.1,847.8,bet placed
2016-09-30_3_02,9,10,9999.9,8565.1,813.5,bet placed
2016-10-01_1_08,1,9,9999.9,9999.9,414.3,bet placed
2016-10-01_1_08,9,1,9999.9,9999.9,414.3,bet placed
2016-10-01_1_08,9,2,9999.9,8941.2,491.9,bet placed
2016-10-02_1_01,4,8,9999.9,8385.1,321.9,bet placed
2016-10-02_1_01,5,8,9999.9,9999.9,396.7,bet placed
2016-10-02_1_01,8,5,9999.9,9999.9,396.7,bet placed
2016-10-02_3_01,9,3,9999.9,4747.2,388.7,bet placed
2016-10-02_3_01,11,3,9999.9,5808.8,404.7,bet placed
2016-10-07_3_02,1,4,9999.9,9999.9,262.6,bet placed
2016-10-07_3_02,1,8,9999.9,9999.9,575.6,bet placed
2016-10-07_3_02,1,11,9999.9,9999.9,501.1,bet placed
2016-10-07_3_02,1,12,9999.9,8839.1,248.1,bet placed
2016-10-07_3_02,4,1,9999.9,9999.9,262.6,bet placed
2016-10-07_3_02,4,8,9999.9,9999.9,790.0,bet placed
2016-10-07_3_02,4,11,9999.9,9999.9,864.6,bet placed
2016-10-07_3_02,4,12,9999.9,8882.5,266.5,bet placed
2016-10-07_3_02,6,8,9999.9,9999.9,290.7,bet placed
2016-10-07_3_02,6,12,9999.9,9999.9,199.8,bet placed
2016-10-07_3_02,8,1,9999.9,9999.9,575.6,bet placed
2016-10-07_3_02,8,4,9999.9,9999.9,790.0,bet placed
2016-10-07_3_02,8,6,9999.9,9999.9,290.7,bet placed
2016-10-07_3_02,8,12,9999.9,9999.9,619.8,bet placed
2016-10-07_3_02,10,4,9999.9,6589.2,121.5,bet placed
2016-10-07_3_02,11,1,9999.9,9999.9,501.1,bet placed
2016-10-07_3_02,11,4,9999.9,9999.9,864.6,bet placed
2016-10-07_3_02,11,6,9999.9,6121.7,512.6,bet placed
2016-10-07_3_02,11,8,9999.9,7023.3,426.8,bet placed
2016-10-07_3_02,12,6,9999.9,9999.9,199.8,bet placed
2016-10-07_3_02,12,8,9999.9,9999.9,619.8,bet placed
2016-10-09_1_01,2,7,9999.9,9999.9,466.0,bet placed
2016-10-09_1_01,7,2,9999.9,9999.9,466.0,bet placed
2016-10-14_2_06,1,8,9999.9,4921.1,29.7,bet placed
2016-10-14_2_06,1,10,9999.9,9999.9,232.3,bet placed
2016-10-14_2_06,5,10,9999.9,8227.4,158.0,bet placed
2016-10-14_2_06,7,10,9999.9,2279.4,229.3,bet placed
2016-10-14_2_06,10,1,9999.9,9999.9,232.3,bet placed
2016-10-14_2_06,10,4,9999.9,7743.4,175.1,bet placed
2016-10-16_1_01,6,12,9999.9,7862.4,555.8,bet placed
2016-10-16_3_06,4,5,9999.9,2789.8,297.3,bet placed
2016-10-16_3_06,12,5,9999.9,8230.6,406.2,bet placed
2016-10-21_3_01,4,10,9999.9,9999.9,501.2,bet placed
2016-10-21_3_01,5,9,9999.9,9999.9,333.1,bet placed
2016-10-21_3_01,9,5,9999.9,9999.9,333.1,bet placed
2016-10-21_3_01,10,4,9999.9,9999.9,501.2,bet placed
2016-10-21_3_01,10,6,9999.9,8360.8,357.2,bet placed
2016-10-21_3_02,1,4,9999.9,6436.9,676.6,bet placed
2016-10-21_3_02,1,9,9999.9,8272.0,541.9,bet placed
2016-10-21_3_02,4,7,9999.9,9999.9,435.6,bet placed
2016-10-21_3_02,4,8,9999.9,9999.9,937.2,bet placed
2016-10-21_3_02,4,9,9999.9,9999.9,794.0,bet placed
2016-10-21_3_02,4,12,9999.9,9999.9,952.8,bet placed
2016-10-21_3_02,6,4,9999.9,5049.2,242.0,bet placed
2016-10-21_3_02,7,4,9999.9,9999.9,435.6,bet placed
2016-10-21_3_02,7,9,9999.9,9999.9,1020.9,bet placed
2016-10-21_3_02,8,4,9999.9,9999.9,937.2,bet placed
2016-10-21_3_02,8,12,9999.9,8237.0,276.5,bet placed
2016-10-21_3_02,9,4,9999.9,9999.9,794.0,bet placed
2016-10-21_3_02,9,7,9999.9,9999.9,1020.9,bet placed
2016-10-21_3_02,9,8,9999.9,9041.5,421.1,bet placed
2016-10-21_3_02,9,12,9999.9,9999.9,470.5,bet placed
2016-10-21_3_02,10,4,9999.9,9041.5,251.0,bet placed
2016-10-21_3_02,12,4,9999.9,9999.9,952.8,bet placed
2016-10-21_3_02,12,9,9999.9,9999.9,470.5,bet placed
2016-10-21_3_03,11,6,9999.9,9274.9,770.3,bet placed
2016-10-21_3_04,2,5,9999.9,9999.9,1225.6,bet placed
2016-10-21_3_04,3,5,9999.9,7521.8,633.8,bet placed
2016-10-21_3_04,5,2,9999.9,9999.9,1225.6,bet placed
2016-10-21_3_04,8,2,9999.9,4159.9,139.7,bet placed
2016-10-21_3_04,12,2,9999.9,6148.9,198.5,bet placed
2016-10-22_1_01,4,10,9999.9,7631.7,458.4,bet placed
2016-10-22_1_01,4,11,9999.9,9999.9,314.2,bet placed
2016-10-22_1_01,7,10,9999.9,9999.9,1024.1,bet placed
2016-10-22_1_01,7,11,9999.9,9999.9,1041.6,bet placed
2016-10-22_1_01,7,12,9999.9,9999.9,838.3,bet placed
2016-10-22_1_01,8,11,9999.9,7962.1,555.0,bet placed
2016-10-22_1_01,10,7,9999.9,9999.9,1024.1,bet placed
2016-10-22_1_01,11,4,9999.9,9999.9,314.2,bet placed
2016-10-22_1_01,11,7,9999.9,9999.9,1041.6,bet placed
2016-10-22_1_01,12,7,9999.9,9999.9,838.3,bet placed
2016-10-28_3_01,2,8,9999.9,9999.9,475.0,bet placed
2016-10-28_3_01,2,9,9999.9,9999.9,393.0,bet placed
2016-10-28_3_01,3,9,9999.9,6483.4,375.3,bet placed
2016-10-28_3_01,4,12,9999.9,4766.2,368.4,bet placed
2016-10-28_3_01,8,2,9999.9,9999.9,475.0,bet placed
2016-10-28_3_01,9,2,9999.9,9999.9,393.0,bet placed
2016-10-28_3_01,10,2,9999.9,3555.4,223.2,bet placed
2016-10-28_3_02,4,9,9999.9,9999.9,585.6,bet placed
2016-10-28_3_02,9,4,9999.9,9999.9,585.6,bet placed
2016-10-28_3_02,9,5,9999.9,7223.2,2226.5,bet placed
2016-10-28_3_05,6,9,9999.9,7635.3,799.9,bet placed
2016-10-28_3_05,6,11,9999.9,9999.9,851.9,bet placed
2016-10-28_3_05,6,12,9999.9,3579.4,244.8,bet placed
2016-10-28_3_05,11,6,9999.9,9999.9,851.9,bet placed
2016-10-29_1_02,1,10,9999.9,7914.6,724.8,bet placed
2016-10-29_1_02,5,10,9999.9,9999.9,428.5,bet placed
2016-10-29_1_02,6,10,9999.9,9615.9,680.6,bet placed
2016-10-29_1_02,10,5,9999.9,9999.9,428.5,bet placed
2016-10-29_1_07,12,3,9999.9,9788.7,396.2,bet placed
2016-10-29_2_02,9,3,9999.9,5402.2,470.8,bet placed
2016-10-29_2_03,3,8,9999.9,3564.6,177.3,bet placed
2016-10-30_1_03,1,7,9999.9,9566.6,769.5,bet placed
2016-10-30_1_03,1,10,9999.9,7866.3,386.7,bet placed
2016-10-30_1_03,5,10,9999.9,6665.9,276.1,bet placed
2016-10-30_1_03,6,7,9999.9,8971.9,470.8,bet placed
2016-10-30_1_03,7,10,9999.9,9999.9,614.1,bet placed
2016-10-30_1_03,10,7,9999.9,9999.9,614.1,bet placed
2016-10-30_1_04,10,4,9999.9,8666.1,375.2,bet placed
2016-11-04_2_02,1,8,9999.9,9582.5,192.2,bet placed
2016-11-04_2_08,6,4,9999.9,6907.0,57.2,bet placed
2016-11-04_2_08,6,5,9999.9,2656.5,113.3,bet placed
2016-11-04_2_08,8,7,9999.9,4709.3,76.0,bet placed
2016-11-04_2_08,9,6,9999.9,773.2,12.5,bet placed
2016-11-05_1_03,11,5,9999.9,9919.4,358.7,bet placed
2016-11-05_1_12,1,10,9999.9,4800.6,512.5,bet placed
2016-11-06_1_01,10,2,9999.9,8751.8,276.3,bet placed
2016-11-06_3_05,2,11,9999.9,9999.9,521.4,bet placed
2016-11-06_3_05,3,11,9999.9,7406.0,470.8,bet placed
2016-11-06_3_05,11,2,9999.9,9999.9,521.4,bet placed
2016-11-11_3_04,2,6,9999.9,6188.8,415.1,bet placed
2016-11-11_3_04,2,11,9999.9,9999.9,928.7,bet placed
2016-11-11_3_04,3,11,9999.9,5501.1,350.5,bet placed
2016-11-11_3_04,4,11,9999.9,9999.9,510.0,bet placed
2016-11-11_3_04,6,11,9999.9,9999.9,1482.4,bet placed
2016-11-11_3_04,7,11,9999.9,9999.9,1256.2,bet placed
2016-11-11_3_04,8,11,9999.9,7668.2,385.6,bet placed
2016-11-11_3_04,10,7,9999.9,8076.1,317.8,bet placed
2016-11-11_3_04,11,2,9999.9,9999.9,928.7,bet placed
2016-11-11_3_04,11,4,9999.9,9999.9,510.0,bet placed
2016-11-11_3_04,11,6,9999.9,9999.9,1482.4,bet placed
2016-11-11_3_04,11,7,9999.9,9999.9,1256.2,bet placed
2016-11-12_2_03,3,8,9999.9,5100.9,125.1,bet placed
2016-11-12_2_08,5,10,9999.9,4780.5,82.8,bet placed
2016-11-12_2_09,10,5,9999.9,3349.1,34.3,bet placed
2016-11-13_1_09,4,10,9999.9,9999.9,302.3,bet placed
2016-11-13_1_09,4,11,9999.9,9999.9,645.5,bet placed
2016-11-13_1_09,4,12,9999.9,9999.9,913.3,bet placed
2016-11-13_1_09,5,11,9999.9,9999.9,281.2,bet placed
2016-11-13_1_09,10,4,9999.9,9999.9,302.3,bet placed
2016-11-13_1_09,11,4,9999.9,9999.9,645.5,bet placed
2016-11-13_1_09,11,5,9999.9,9999.9,281.2,bet placed
2016-11-13_1_09,12,4,9999.9,9999.9,913.3,bet placed
2016-11-13_3_01,3,12,9999.9,5334.5,440.8,bet placed
2016-11-13_3_04,1,9,9999.9,9999.9,407.7,bet placed
2016-11-13_3_04,9,1,9999.9,9999.9,407.7,bet placed
2016-11-18_2_02,1,4,9999.9,9999.9,272.7,bet placed
2016-11-18_2_02,1,6,9999.9,9999.9,204.0,bet placed
2016-11-18_2_02,1,7,9999.9,9999.9,959.7,bet placed
2016-11-18_2_02,4,1,9999.9,9999.9,272.7,bet placed
2016-11-18_2_02,6,1,9999.9,9999.9,204.0,bet placed
2016-11-18_2_02,7,1,9999.9,9999.9,959.7,bet placed
2016-11-18_3_01,2,4,9999.9,9999.9,592.8,bet placed
2016-11-18_3_01,2,10,9999.9,9999.9,619.4,bet placed
2016-11-18_3_01,4,2,9999.9,9999.9,592.8,bet placed
2016-11-18_3_01,4,10,9999.9,9999.9,621.6,bet placed
2016-11-18_3_01,7,10,9999.9,9999.9,660.4,bet placed
2016-11-18_3_01,10,2,9999.9,9999.9,619.4,bet placed
2016-11-18_3_01,10,4,9999.9,9999.9,621.6,bet placed
2016-11-18_3_01,10,7,9999.9,9999.9,660.4,bet placed
2016-11-18_3_01,12,4,9999.9,2010.3,145.3,bet placed
2016-11-18_3_03,2,7,9999.9,9999.9,632.8,bet placed
2016-11-18_3_03,7,2,9999.9,9999.9,632.8,bet placed
2016-11-18_3_06,3,7,9999.9,9999.9,595.6,bet placed
2016-11-18_3_06,7,3,9999.9,9999.9,595.6,bet placed
2016-11-18_3_06,11,7,9999.9,2556.1,204.6,bet placed
2016-11-18_3_06,12,7,9999.9,4221.0,238.0,bet placed
2016-11-18_3_10,3,11,9999.9,9999.9,225.4,bet placed
2016-11-18_3_10,5,3,9999.9,8892.1,318.6,bet placed
2016-11-18_3_10,11,3,9999.9,9999.9,225.4,bet placed
2016-11-19_1_01,1,10,9999.9,4015.0,317.5,bet placed
2016-11-19_1_01,2,7,9999.9,9999.9,412.5,bet placed
2016-11-19_1_01,3,8,9999.9,7726.7,448.5,bet placed
2016-11-19_1_01,3,10,9999.9,9999.9,588.4,bet placed
2016-11-19_1_01,5,10,9999.9,9999.9,368.4,bet placed
2016-11-19_1_01,7,2,9999.9,9999.9,412.5,bet placed
2016-11-19_1_01,7,8,9999.9,8692.6,463.1,bet placed
2016-11-19_1_01,7,10,9999.9,9822.1,1075.5,bet placed
2016-11-19_1_01,8,10,9999.9,9999.9,952.6,bet placed
2016-11-19_1_01,10,3,9999.9,9999.9,588.4,bet placed
2016-11-19_1_01,10,5,9999.9,9999.9,368.4,bet placed
2016-11-19_1_01,10,8,9999.9,9999.9,952.6,bet placed
2016-11-19_1_02,5,11,9999.9,8848.5,406.3,bet placed
2016-11-19_1_03,2,3,9999.9,7739.6,460.5,bet placed
2016-11-19_1_05,1,7,9999.9,4369.8,359.2,bet placed
2016-11-19_1_06,2,12,9999.9,5433.0,330.3,bet placed
2016-11-19_1_07,4,1,9999.9,9088.1,410.3,bet placed
2016-11-19_1_07,7,1,9999.9,5526.5,238.9,bet placed
2016-11-19_1_07,8,1,9999.9,9437.6,602.5,bet placed
2016-11-19_2_02,4,8,9999.9,9999.9,136.4,bet placed
2016-11-19_2_02,8,4,9999.9,9999.9,136.4,bet placed
2016-11-19_2_03,5,9,9999.9,9999.9,215.0,bet placed
2016-11-19_2_03,7,9,9999.9,3808.4,130.0,bet placed
2016-11-19_2_03,9,5,9999.9,9999.9,215.0,bet placed
2016-11-19_2_03,10,5,9999.9,4343.5,106.4,bet placed
2016-11-20_1_03,11,5,9999.9,8215.0,334.3,bet placed
2016-11-20_1_04,9,1,9999.9,6290.2,331.2,bet placed
2016-11-20_1_09,5,12,9999.9,9999.9,1075.8,bet placed
2016-11-20_1_09,12,5,9999.9,9999.9,1075.8,bet placed
2016-11-20_1_09,12,7,9999.9,7262.7,370.5,bet placed
2016-11-20_3_05,2,8,9999.9,9999.9,1195.0,bet placed
2016-11-20_3_05,4,8,9999.9,8823.0,663.6,bet placed
2016-11-20_3_05,8,2,9999.9,9999.9,1195.0,bet placed
2016-11-25_2_01,6,10,9999.9,2187.7,38.3,bet placed
2016-11-25_2_01,10,1,9999.9,4746.8,174.5,bet placed
2016-11-25_3_01,1,4,9999.9,9386.4,815.1,bet placed
2016-11-25_3_01,1,5,9999.9,9999.9,159.0,bet placed
2016-11-25_3_01,1,8,9999.9,9999.9,2459.7,bet placed
2016-11-25_3_01,1,10,9999.9,9141.5,210.2,bet placed
2016-11-25_3_01,1,11,9999.9,9999.9,604.3,bet placed
2016-11-25_3_01,4,5,9999.9,9999.9,1593.2,bet placed
2016-11-25_3_01,4,8,9999.9,9999.9,2645.3,bet placed
2016-11-25_3_01,4,11,9999.9,9999.9,1008.7,bet placed
2016-11-25_3_01,5,1,9999.9,9999.9,159.0,bet placed
2016-11-25_3_01,5,4,9999.9,9999.9,1593.2,bet placed
2016-11-25_3_01,8,1,9999.9,9999.9,2459.7,bet placed
2016-11-25_3_01,8,4,9999.9,9999.9,2645.3,bet placed
2016-11-25_3_01,8,10,9999.9,3337.4,325.3,bet placed
2016-11-25_3_01,8,11,9999.9,9999.9,1208.6,bet placed
2016-11-25_3_01,10,5,9999.9,6962.1,289.1,bet placed
2016-11-25_3_01,11,1,9999.9,9999.9,604.3,bet placed
2016-11-25_3_01,11,4,9999.9,9999.9,1008.7,bet placed
2016-11-25_3_01,11,5,9999.9,6410.2,547.7,bet placed
2016-11-25_3_01,11,8,9999.9,9999.9,1208.6,bet placed
2016-11-25_3_01,12,8,9999.9,5256.4,347.0,bet placed
2016-11-25_3_02,2,12,9999.9,6006.2,261.5,bet placed
2016-11-25_3_02,5,12,9999.9,9999.9,743.6,bet placed
2016-11-25_3_02,6,5,9999.9,3885.4,157.8,bet placed
2016-11-25_3_02,7,12,9999.9,9999.9,494.3,bet placed
2016-11-25_3_02,8,5,9999.9,9066.0,548.2,bet placed
2016-11-25_3_02,8,12,9999.9,8953.4,734.0,bet placed
2016-11-25_3_02,9,12,9999.9,9999.9,328.9,bet placed
2016-11-25_3_02,11,5,9999.9,9739.8,791.8,bet placed
2016-11-25_3_02,12,5,9999.9,9999.9,743.6,bet placed
2016-11-25_3_02,12,7,9999.9,9999.9,494.3,bet placed
2016-11-25_3_02,12,9,9999.9,9999.9,328.9,bet placed
2016-11-25_3_03,12,6,9999.9,9263.0,512.6,bet placed
2016-11-26_1_01,1,4,9999.9,8067.6,234.3,bet placed
2016-11-26_1_01,1,9,9999.9,9999.9,877.6,bet placed
2016-11-26_1_01,1,10,9999.9,9999.9,1198.3,bet placed
2016-11-26_1_01,4,7,9999.9,8208.3,529.6,bet placed
2016-11-26_1_01,4,10,9999.9,9999.9,1161.1,bet placed
2016-11-26_1_01,4,11,9999.9,9999.9,357.4,bet placed
2016-11-26_1_01,5,10,9999.9,4317.5,631.6,bet placed
2016-11-26_1_01,6,10,9999.9,3932.7,469.7,bet placed
2016-11-26_1_01,7,1,9999.9,9475.3,469.7,bet placed
2016-11-26_1_01,9,1,9999.9,9999.9,877.6,bet placed
2016-11-26_1_01,10,1,9999.9,9999.9,1198.3,bet placed
2016-11-26_1_01,10,4,9999.9,9999.9,1161.1,bet placed
2016-11-26_1_01,11,1,9999.9,9539.3,231.6,bet placed
2016-11-26_1_01,11,4,9999.9,9999.9,357.4,bet placed
2016-11-26_1_01,11,10,9999.9,6536.2,554.7,bet placed
2016-11-26_1_02,2,8,9999.9,9999.9,1013.4,bet placed
2016-11-26_1_02,2,11,9999.9,9999.9,1017.1,bet placed
2016-11-26_1_02,3,8,9999.9,7035.6,642.1,bet placed
2016-11-26_1_02,3,11,9999.9,9999.9,566.4,bet placed
2016-11-26_1_02,8,2,9999.9,9999.9,1013.4,bet placed
2016-11-26_1_02,8,11,9999.9,9999.9,629.1,bet placed
2016-11-26_1_02,8,12,9999.9,9999.9,372.1,bet placed
2016-11-26_1_02,11,2,9999.9,9999.9,1017.1,bet placed
2016-11-26_1_02,11,3,9999.9,9999.9,566.4,bet placed
2016-11-26_1_02,11,8,9999.9,9999.9,629.1,bet placed
2016-11-26_1_02,12,8,9999.9,9999.9,372.1,bet placed
2016-11-26_1_03,1,9,9999.9,9999.9,932.6,bet placed
2016-11-26_1_03,2,9,9999.9,7164.6,807.7,bet placed
2016-11-26_1_03,6,1,9999.9,9826.7,453.4,bet placed
2016-11-26_1_03,9,1,9999.9,9999.9,932.6,bet placed
2016-11-26_1_04,1,7,9999.9,9999.9,175.5,bet placed
2016-11-26_1_04,7,1,9999.9,9999.9,175.5,bet placed
2016-11-26_1_05,1,9,9999.9,9999.9,465.6,bet placed
2016-11-26_1_05,1,10,9999.9,9999.9,521.3,bet placed
2016-11-26_1_05,1,11,9999.9,9999.9,236.4,bet placed
2016-11-26_1_05,6,9,9999.9,9999.9,433.0,bet placed
2016-11-26_1_05,6,10,9999.9,8454.3,732.2,bet placed
2016-11-26_1_05,7,1,9999.9,7792.5,259.5,bet placed
2016-11-26_1_05,7,9,9999.9,8944.4,202.6,bet placed
2016-11-26_1_05,7,10,9999.9,9999.9,542.9,bet placed
2016-11-26_1_05,7,11,9999.9,9022.9,297.8,bet placed
2016-11-26_1_05,9,1,9999.9,9999.9,465.6,bet placed
2016-11-26_1_05,9,6,9999.9,9999.9,433.0,bet placed
2016-11-26_1_05,10,1,9999.9,9999.9,521.3,bet placed
2016-11-26_1_05,10,7,9999.9,9999.9,542.9,bet placed
2016-11-26_1_05,10,11,9999.9,9999.9,414.7,bet placed
2016-11-26_1_05,11,1,9999.9,9999.9,236.4,bet placed
2016-11-26_1_05,11,9,9999.9,8692.5,528.3,bet placed
2016-11-26_1_05,11,10,9999.9,9999.9,414.7,bet placed
2016-11-26_1_07,3,8,9999.9,5453.1,309.6,bet placed
2016-11-26_1_07,5,8,9999.9,2647.9,136.4,bet placed
2016-11-26_1_07,6,8,9999.9,8514.9,614.4,bet placed
2016-11-26_1_07,6,11,9999.9,9999.9,518.0,bet placed
2016-11-26_1_07,8,11,9999.9,9999.9,568.0,bet placed
2016-11-26_1_07,8,12,9999.9,9999.9,602.5,bet placed
2016-11-26_1_07,11,6,9999.9,9999.9,518.0,bet placed
2016-11-26_1_07,11,8,9999.9,9999.9,568.0,bet placed
2016-11-26_1_07,12,8,9999.9,9999.9,602.5,bet placed
2016-11-26_2_03,2,9,9999.9,9999.9,255.8,bet placed
2016-11-26_2_03,9,2,9999.9,9999.9,255.8,bet placed
2016-11-27_1_01,5,11,9999.9,7296.3,557.8,bet placed
2016-11-27_1_01,11,8,9999.9,9785.2,719.6,bet placed
2016-11-27_1_03,1,8,9999.9,9392.9,287.7,bet placed
2016-11-27_3_01,3,10,9999.9,7428.0,429.6,bet placed
2016-12-02_3_03,5,3,9999.9,8785.8,473.3,bet placed
2016-12-02_3_03,8,5,9999.9,8554.6,552.0,bet placed
2016-12-02_3_04,1,9,9999.9,9999.9,396.0,bet placed
2016-12-02_3_04,9,1,9999.9,9999.9,396.0,bet placed
2016-12-02_3_06,6,2,9999.9,8360.5,350.2,bet placed
2016-12-02_3_06,12,2,9999.9,6420.1,397.8,bet placed
2016-12-04_1_08,9,5,9999.9,6055.9,203.3,bet placed
2016-12-04_1_09,2,14,9999.9,7699.2,1357.9,bet placed
2016-12-04_1_09,5,14,9999.9,5107.1,1209.1,bet placed
2016-12-04_1_09,9,14,9999.9,6769.4,1206.7,bet placed
2016-12-04_1_09,10,14,9999.9,5141.4,1142.1,bet placed
2016-12-04_1_09,12,14,9999.9,7284.4,1292.6,bet placed
2016-12-09_2_02,2,7,9999.9,9999.9,414.4,bet placed
2016-12-09_2_02,7,2,9999.9,9999.9,414.4,bet placed
2016-12-09_3_04,2,11,9999.9,7662.7,201.4,bet placed
2016-12-09_3_04,6,2,9999.9,3170.0,129.5,bet placed
2016-12-09_3_04,8,2,9999.9,2784.7,181.5,bet placed
2016-12-09_3_04,8,11,9999.9,5120.3,350.7,bet placed
2016-12-09_3_04,10,2,9999.9,6172.8,205.1,bet placed
2016-12-09_3_10,1,12,9999.9,8867.3,318.1,bet placed
2016-12-09_3_10,3,12,9999.9,7326.0,323.9,bet placed
2016-12-16_2_01,9,2,9999.9,2575.0,63.7,bet placed
2016-12-16_2_02,10,3,9999.9,8109.6,158.8,bet placed
2016-12-16_3_01,1,8,9999.9,9999.9,973.4,bet placed
2016-12-16_3_01,1,10,9999.9,9273.3,702.4,bet placed
2016-12-16_3_01,1,12,9999.9,9999.9,436.8,bet placed
2016-12-16_3_01,5,12,9999.9,3036.9,218.4,bet placed
2016-12-16_3_01,8,1,9999.9,9999.9,973.4,bet placed
2016-12-16_3_01,8,10,9999.9,9999.9,1084.4,bet placed
2016-12-16_3_01,8,12,9999.9,9999.9,577.7,bet placed
2016-12-16_3_01,10,8,9999.9,9999.9,1084.4,bet placed
2016-12-16_3_01,12,1,9999.9,9999.9,436.8,bet placed
2016-12-16_3_01,12,8,9999.9,9999.9,577.7,bet placed
2016-12-16_3_04,1,6,9999.9,9999.9,525.1,bet placed
2016-12-16_3_04,1,9,9999.9,8307.5,775.8,bet placed
2016-12-16_3_04,1,11,9999.9,9999.9,400.8,bet placed
2016-12-16_3_04,6,1,9999.9,9999.9,525.1,bet placed
2016-12-16_3_04,11,1,9999.9,9999.9,400.8,bet placed
2016-12-17_1_03,3,9,9999.9,6142.0,745.8,bet placed
2016-12-17_1_03,5,6,9999.9,8839.9,506.4,bet placed
2016-12-18_1_01,2,11,9999.9,6904.4,429.0,bet placed
2016-12-18_1_01,4,7,9999.9,7077.5,469.2,bet placed
2016-12-18_1_01,4,11,9999.9,7699.4,487.4,bet placed
2016-12-18_1_01,4,12,9999.9,6634.0,535.4,bet placed
2016-12-18_1_01,7,11,9999.9,9999.9,961.8,bet placed
2016-12-18_1_01,7,12,9999.9,9999.9,741.0,bet placed
2016-12-18_1_01,11,7,9999.9,9999.9,961.8,bet placed
2016-12-18_1_01,12,7,9999.9,9999.9,741.0,bet placed
2016-12-18_1_04,5,8,9999.9,9999.9,518.3,bet placed
2016-12-18_1_04,8,5,9999.9,9999.9,518.3,bet placed
2016-12-18_1_04,10,5,9999.9,8756.4,1116.9,bet placed
2016-12-18_1_09,2,9,9999.9,9231.9,678.5,bet placed
2016-12-18_1_09,2,14,9999.9,7715.7,421.8,bet placed
2016-12-18_1_09,4,11,9999.9,9624.2,322.9,bet placed
2016-12-18_1_09,4,14,9999.9,8173.1,771.5,bet placed
2016-12-18_1_09,4,15,9999.9,9999.9,780.0,bet placed
2016-12-18_1_09,6,9,9999.9,9999.9,666.4,bet placed
2016-12-18_1_09,6,14,9999.9,9999.9,1895.8,bet placed
2016-12-18_1_09,6,15,9999.9,8559.2,584.0,bet placed
2016-12-18_1_09,8,9,9999.9,9999.9,601.4,bet placed
2016-12-18_1_09,8,14,9999.9,9999.9,788.7,bet placed
2016-12-18_1_09,9,6,9999.9,9999.9,666.4,bet placed
2016-12-18_1_09,9,8,9999.9,9999.9,601.4,bet placed
2016-12-18_1_09,9,14,9999.9,9999.9,1492.7,bet placed
2016-12-18_1_09,9,15,9999.9,9999.9,1452.9,bet placed
2016-12-18_1_09,10,14,9999.9,6886.4,427.9,bet placed
2016-12-18_1_09,10,15,9999.9,9999.9,279.3,bet placed
2016-12-18_1_09,11,14,9999.9,9999.9,628.6,bet placed
2016-12-18_1_09,12,14,9999.9,7632.2,539.2,bet placed
2016-12-18_1_09,14,6,9999.9,9999.9,1895.8,bet placed
2016-12-18_1_09,14,8,9999.9,9999.9,788.7,bet placed
2016-12-18_1_09,14,9,9999.9,9999.9,1492.7,bet placed
2016-12-18_1_09,14,11,9999.9,9999.9,628.6,bet placed
2016-12-18_1_09,14,15,9999.9,9999.9,663.3,bet placed
2016-12-18_1_09,15,4,9999.9,9999.9,780.0,bet placed
2016-12-18_1_09,15,9,9999.9,9999.9,1452.9,bet placed
2016-12-18_1_09,15,10,9999.9,9999.9,279.3,bet placed
2016-12-18_1_09,15,14,9999.9,9999.9,663.3,bet placed
2016-12-24_1_01,4,11,9999.9,9999.9,291.1,bet placed
2016-12-24_1_01,11,4,9999.9,9999.9,291.1,bet placed
2016-12-24_1_02,2,10,9999.9,9999.9,713.2,bet placed
2016-12-24_1_02,4,10,9999.9,7006.5,278.4,bet placed
2016-12-24_1_02,4,11,9999.9,8888.8,251.2,bet placed
2016-12-24_1_02,10,2,9999.9,9999.9,713.2,bet placed
2016-12-24_1_08,6,12,9999.9,9999.9,557.0,bet placed
2016-12-24_1_08,12,6,9999.9,9999.9,557.0,bet placed
2016-12-30_3_01,12,9,9999.9,5686.2,428.2,bet placed
2017-01-06_3_02,4,12,9999.9,9999.9,461.8,bet placed
2017-01-06_3_02,5,12,9999.9,9999.9,470.7,bet placed
2017-01-06_3_02,7,4,9999.9,7815.7,447.9,bet placed
2017-01-06_3_02,7,10,9999.9,9999.9,268.2,bet placed
2017-01-06_3_02,10,4,9999.9,8328.9,338.5,bet placed
2017-01-06_3_02,10,5,9999.9,8204.5,375.1,bet placed
2017-01-06_3_02,10,7,9999.9,9999.9,268.2,bet placed
2017-01-06_3_02,12,4,9999.9,9999.9,461.8,bet placed
2017-01-06_3_02,12,5,9999.9,9999.9,470.7,bet placed
2017-01-06_3_02,12,7,9999.9,9700.7,565.4,bet placed
2017-01-06_3_04,5,12,9999.9,9999.9,225.5,bet placed
2017-01-06_3_04,10,5,9999.9,9731.8,343.8,bet placed
2017-01-06_3_04,12,5,9999.9,9999.9,225.5,bet placed
2017-01-06_3_09,2,11,9999.9,9502.9,304.8,bet placed
2017-01-06_3_09,3,11,9999.9,9999.9,411.6,bet placed
2017-01-06_3_09,3,12,9999.9,9999.9,469.5,bet placed
2017-01-06_3_09,4,11,9999.9,6155.3,356.3,bet placed
2017-01-06_3_09,9,3,9999.9,9103.6,302.6,bet placed
2017-01-06_3_09,9,11,9999.9,7812.5,244.4,bet placed
2017-01-06_3_09,9,12,9999.9,8689.8,320.0,bet placed
2017-01-06_3_09,11,3,9999.9,9999.9,411.6,bet placed
2017-01-06_3_09,11,12,9999.9,6592.3,336.7,bet placed
2017-01-06_3_09,12,3,9999.9,9999.9,469.5,bet placed
2017-01-06_3_10,2,12,9999.9,9999.9,783.6,bet placed
2017-01-06_3_10,3,12,9999.9,5645.6,293.8,bet placed
2017-01-06_3_10,9,12,9999.9,6242.4,301.0,bet placed
2017-01-06_3_10,12,2,9999.9,9999.9,783.6,bet placed
2017-01-06_3_10,12,6,9999.9,8840.3,443.9,bet placed
2017-01-06_3_13,2,10,9999.9,9999.9,260.5,bet placed
2017-01-06_3_13,10,2,9999.9,9999.9,260.5,bet placed
2017-01-07_1_02,1,10,9999.9,9999.9,505.6,bet placed
2017-01-07_1_02,10,1,9999.9,9999.9,505.6,bet placed
2017-01-07_1_03,3,6,9999.9,9999.9,494.9,bet placed
2017-01-07_1_03,3,8,9999.9,9999.9,247.8,bet placed
2017-01-07_1_03,6,3,9999.9,9999.9,494.9,bet placed
2017-01-07_1_03,8,3,9999.9,9999.9,247.8,bet placed
2017-01-07_1_04,2,11,9999.9,8883.2,429.6,bet placed
2017-01-07_1_04,3,11,9999.9,3855.5,152.7,bet placed
2017-01-13_2_01,3,6,9999.9,9505.7,94.1,bet placed
2017-01-13_2_02,5,2,9999.9,2889.0,287.2,bet placed
2017-01-13_3_03,10,1,9999.9,9948.5,684.3,bet placed
2017-01-14_1_01,10,2,9999.9,5238.8,389.2,bet placed
2017-01-20_3_01,4,10,9999.9,9999.9,503.8,bet placed
2017-01-20_3_01,4,12,9999.9,9999.9,556.9,bet placed
2017-01-20_3_01,5,12,9999.9,5021.2,268.9,bet placed
2017-01-20_3_01,10,4,9999.9,9999.9,503.8,bet placed
2017-01-20_3_01,10,12,9999.9,9999.9,610.8,bet placed
2017-01-20_3_01,12,4,9999.9,9999.9,556.9,bet placed
2017-01-20_3_01,12,10,9999.9,9999.9,610.8,bet placed
2017-01-21_2_08,4,7,9999.9,7791.9,44.0,bet placed
2017-02-03_2_02,1,5,9999.9,4983.4,106.6,bet placed
2017-02-03_3_01,5,10,9999.9,9999.9,996.1,bet placed
2017-02-03_3_01,10,5,9999.9,9999.9,996.1,bet placed
2017-02-05_1_01,4,12,9999.9,9999.9,795.0,bet placed
2017-02-05_1_01,10,4,9999.9,8276.6,571.0,bet placed
2017-02-05_1_01,12,4,9999.9,9999.9,795.0,bet placed
2017-02-05_1_03,1,12,9999.9,8624.8,293.7,bet placed
2017-02-10_3_01,2,7,9999.9,9999.9,1609.7,bet placed
2017-02-10_3_01,2,11,9999.9,9999.9,504.5,bet placed
2017-02-10_3_01,2,12,9999.9,9999.9,685.5,bet placed
2017-02-10_3_01,4,12,9999.9,3260.8,300.4,bet placed
2017-02-10_3_01,5,7,9999.9,4333.1,201.8,bet placed
2017-02-10_3_01,5,12,9999.9,4407.1,195.7,bet placed
2017-02-10_3_01,6,2,9999.9,7017.8,1030.7,bet placed
2017-02-10_3_01,6,7,9999.9,9999.9,109.9,bet placed
2017-02-10_3_01,6,11,9999.9,7336.8,354.6,bet placed
2017-02-10_3_01,6,12,9999.9,9932.9,451.9,bet placed
2017-02-10_3_01,7,2,9999.9,9999.9,1609.7,bet placed
2017-02-10_3_01,7,6,9999.9,9999.9,109.9,bet placed
2017-02-10_3_01,7,11,9999.9,9999.9,837.8,bet placed
2017-02-10_3_01,7,12,9999.9,9999.9,1418.5,bet placed
2017-02-10_3_01,8,2,9999.9,7378.7,682.2,bet placed
2017-02-10_3_01,8,11,9999.9,5063.8,160.8,bet placed
2017-02-10_3_01,8,12,9999.9,4452.7,394.7,bet placed
2017-02-10_3_01,9,12,9999.9,1367.9,127.8,bet placed
2017-02-10_3_01,11,2,9999.9,9999.9,504.5,bet placed
2017-02-10_3_01,11,7,9999.9,9999.9,837.8,bet placed
2017-02-10_3_01,11,12,9999.9,9999.9,388.3,bet placed
2017-02-10_3_01,12,2,9999.9,9999.9,685.5,bet placed
2017-02-10_3_01,12,7,9999.9,9999.9,1418.5,bet placed
2017-02-10_3_01,12,11,9999.9,9999.9,388.3,bet placed
2017-02-10_3_02,4,9,9999.9,7526.7,668.3,bet placed
2017-02-10_3_02,12,4,9999.9,3806.6,248.1,bet placed
2017-02-10_3_09,2,6,9999.9,9999.9,451.3,bet placed
2017-02-10_3_09,6,2,9999.9,9999.9,451.3,bet placed
2017-02-12_1_04,7,10,9999.9,8189.7,453.2,bet placed
2017-02-17_3_03,8,9,9999.9,8233.1,398.0,bet placed
2017-02-17_3_09,2,5,9999.9,9999.9,371.9,bet placed
2017-02-17_3_09,5,2,9999.9,9999.9,371.9,bet placed
2017-02-17_3_09,12,3,9999.9,8913.2,407.3,bet placed
2017-02-18_1_02,4,10,9999.9,8994.6,522.1,bet placed
2017-02-19_1_03,4,9,9999.9,7926.2,512.5,bet placed
2017-02-19_1_06,3,12,9999.9,6250.8,554.0,bet placed
2017-02-19_1_06,4,5,9999.9,9999.9,594.5,bet placed
2017-02-19_1_06,4,12,9999.9,9999.9,955.2,bet placed
2017-02-19_1_06,5,4,9999.9,9999.9,594.5,bet placed
2017-02-19_1_06,5,12,9999.9,9999.9,409.4,bet placed
2017-02-19_1_06,7,4,9999.9,7983.4,422.9,bet placed
2017-02-19_1_06,12,4,9999.9,9999.9,955.2,bet placed
2017-02-19_1_06,12,5,9999.9,9999.9,409.4,bet placed
2017-02-24_3_01,1,12,9999.9,9999.9,303.9,bet placed
2017-02-24_3_01,3,12,9999.9,9999.9,656.5,bet placed
2017-02-24_3_01,4,12,9999.9,9999.9,399.3,bet placed
2017-02-24_3_01,5,12,9999.9,7506.5,369.7,bet placed
2017-02-24_3_01,7,12,9999.9,3856.3,732.7,bet placed
2017-02-24_3_01,9,12,9999.9,3886.7,209.3,bet placed
2017-02-24_3_01,12,1,9999.9,9999.9,303.9,bet placed
2017-02-24_3_01,12,3,9999.9,9999.9,656.5,bet placed
2017-02-24_3_01,12,4,9999.9,9999.9,399.3,bet placed
2017-02-24_3_08,1,12,9999.9,9653.8,368.9,bet placed
2017-02-24_3_08,8,1,9999.9,8969.2,497.4,bet placed
2017-02-24_3_08,8,12,9999.9,9999.9,384.2,bet placed
2017-02-24_3_08,9,12,9999.9,7331.3,491.9,bet placed
2017-02-24_3_08,12,8,9999.9,9999.9,384.2,bet placed
2017-02-25_1_01,6,9,9999.9,9999.9,569.5,bet placed
2017-02-25_1_01,9,6,9999.9,9999.9,569.5,bet placed
2017-02-25_1_03,1,8,9999.9,7559.6,297.2,bet placed
2017-02-25_1_03,1,9,9999.9,9999.9,438.8,bet placed
2017-02-25_1_03,2,9,9999.9,5026.2,426.5,bet placed
2017-02-25_1_03,2,12,9999.9,8702.8,340.1,bet placed
2017-02-25_1_03,5,9,9999.9,9689.7,346.0,bet placed
2017-02-25_1_03,6,8,9999.9,9999.9,366.1,bet placed
2017-02-25_1_03,6,9,9999.9,9999.9,470.4,bet placed
2017-02-25_1_03,6,12,9999.9,9999.9,263.5,bet placed
2017-02-25_1_03,8,6,9999.9,9999.9,366.1,bet placed
2017-02-25_1_03,8,12,9999.9,9999.9,611.3,bet placed
2017-02-25_1_03,9,1,9999.9,9999.9,438.8,bet placed
2017-02-25_1_03,9,6,9999.9,9999.9,470.4,bet placed
2017-02-25_1_03,9,12,9999.9,9999.9,1913.2,bet placed
2017-02-25_1_03,12,1,9999.9,9928.6,460.1,bet placed
2017-02-25_1_03,12,6,9999.9,9999.9,263.5,bet placed
2017-02-25_1_03,12,8,9999.9,9999.9,611.3,bet placed
2017-02-25_1_03,12,9,9999.9,9999.9,1913.2,bet placed
2017-02-25_1_04,4,12,9999.9,8018.8,406.7,bet placed
2017-02-25_1_04,12,2,9999.9,9286.3,351.8,bet placed
2017-02-26_1_01,5,10,9999.9,9999.9,720.2,bet placed
2017-02-26_1_01,7,10,9999.9,9999.9,875.6,bet placed
2017-02-26_1_01,8,5,9999.9,7003.7,390.2,bet placed
2017-02-26_1_01,8,10,9999.9,6627.9,417.4,bet placed
2017-02-26_1_01,10,5,9999.9,9999.9,720.2,bet placed
2017-02-26_1_01,10,7,9999.9,9999.9,875.6,bet placed
2017-02-26_1_10,4,8,9999.9,9999.9,662.7,bet placed
2017-02-26_1_10,4,11,9999.9,9999.9,459.1,bet placed
2017-02-26_1_10,8,4,9999.9,9999.9,662.7,bet placed
2017-02-26_1_10,11,4,9999.9,9999.9,459.1,bet placed
2017-03-03_3_02,10,2,9999.9,6676.7,225.8,bet placed
2017-03-03_3_03,10,1,9999.9,4408.1,272.4,bet placed
2017-03-03_3_09,2,8,9999.9,9999.9,1219.7,bet placed
2017-03-03_3_09,8,2,9999.9,9999.9,1219.7,bet placed
2017-03-03_3_09,8,11,9999.9,9999.9,1078.3,bet placed
2017-03-03_3_09,8,14,9999.9,9999.9,518.6,bet placed
2017-03-03_3_09,11,8,9999.9,9999.9,1078.3,bet placed
2017-03-03_3_09,14,2,9999.9,7653.9,679.9,bet placed
2017-03-03_3_09,14,8,9999.9,9999.9,518.6,bet placed
2017-03-04_1_02,8,9,9999.9,4925.2,489.7,bet placed
2017-03-04_1_03,1,9,9999.9,9999.9,421.4,bet placed
2017-03-04_1_03,9,1,9999.9,9999.9,421.4,bet placed
2017-03-04_1_10,4,11,9999.9,9999.9,349.3,bet placed
2017-03-04_1_10,11,1,9999.9,9377.7,372.0,bet placed
2017-03-04_1_10,11,4,9999.9,9999.9,349.3,bet placed
2017-03-04_1_10,11,5,9999.9,7912.4,370.3,bet placed
2017-03-04_1_11,12,8,9999.9,6902.2,562.0,bet placed
2017-03-05_1_10,2,9,9999.9,5728.1,390.1,bet placed
2017-03-05_1_10,6,2,9999.9,6886.6,526.7,bet placed
2017-03-05_1_10,6,9,9999.9,6984.7,511.9,bet placed
2017-03-05_1_10,7,3,9999.9,5521.7,312.6,bet placed
2017-03-05_1_10,8,3,9999.9,6935.3,481.4,bet placed
2017-03-05_3_04,5,10,9999.9,3906.7,254.5,bet placed
2017-03-10_3_01,5,9,9999.9,8440.9,316.9,bet placed
2017-03-10_3_01,6,8,9999.9,9999.9,433.0,bet placed
2017-03-10_3_01,6,9,9999.9,9999.9,1429.0,bet placed
2017-03-10_3_01,8,6,9999.9,9999.9,433.0,bet placed
2017-03-10_3_01,8,9,9999.9,8574.9,291.6,bet placed
2017-03-10_3_01,9,6,9999.9,9999.9,1429.0,bet placed
2017-03-10_3_01,9,12,9999.9,8003.2,946.4,bet placed
2017-03-10_3_01,12,6,9999.9,9003.6,1488.6,bet placed
2017-03-10_3_01,12,8,9999.9,8375.5,1058.6,bet placed
2017-03-10_3_04,1,11,9999.9,7043.0,249.7,bet placed
2017-03-10_3_04,2,11,9999.9,9999.9,449.8,bet placed
2017-03-10_3_04,4,11,9999.9,6371.2,284.5,bet placed
2017-03-10_3_04,5,11,9999.9,9999.9,940.1,bet placed
2017-03-10_3_04,8,11,9999.9,9999.9,549.5,bet placed
2017-03-10_3_04,11,2,9999.9,9999.9,449.8,bet placed
2017-03-10_3_04,11,5,9999.9,9999.9,940.1,bet placed
2017-03-10_3_04,11,8,9999.9,9999.9,549.5,bet placed
2017-03-11_1_01,9,4,9999.9,6961.1,377.0,bet placed
2017-03-12_1_10,2,11,9999.9,9999.9,1096.2,bet placed
2017-03-12_1_10,2,14,9999.9,9999.9,933.9,bet placed
2017-03-12_1_10,4,11,9999.9,9999.9,623.6,bet placed
2017-03-12_1_10,4,14,9999.9,9999.9,724.1,bet placed
2017-03-12_1_10,9,2,9999.9,4455.8,526.7,bet placed
2017-03-12_1_10,9,14,9999.9,9360.1,1125.3,bet placed
2017-03-12_1_10,11,2,9999.9,9999.9,1096.2,bet placed
2017-03-12_1_10,11,4,9999.9,9999.9,623.6,bet placed
2017-03-12_1_10,14,2,9999.9,9999.9,933.9,bet placed
2017-03-12_1_10,14,4,9999.9,9999.9,724.1,bet placed
2017-03-17_3_02,4,5,9999.9,5228.0,317.8,bet placed
2017-03-17_3_02,4,10,9999.9,6084.7,391.1,bet placed
2017-03-17_3_02,5,10,9999.9,9999.9,925.8,bet placed
2017-03-17_3_02,10,5,9999.9,9999.9,925.8,bet placed
2017-03-17_3_06,2,12,9999.9,8264.5,551.9,bet placed
2017-03-17_3_06,4,12,9999.9,9999.9,736.2,bet placed
2017-03-17_3_06,11,2,9999.9,5300.6,362.4,bet placed
2017-03-17_3_06,12,4,9999.9,9999.9,736.2,bet placed
2017-03-17_3_08,3,12,9999.9,9999.9,799.9,bet placed
2017-03-17_3_08,5,12,9999.9,6145.6,602.1,bet placed
2017-03-17_3_08,6,12,9999.9,9999.9,1070.9,bet placed
2017-03-17_3_08,12,3,9999.9,9999.9,799.9,bet placed
2017-03-17_3_08,12,6,9999.9,9999.9,1070.9,bet placed
2017-03-17_3_10,2,14,9999.9,4201.6,485.9,bet placed
2017-03-17_3_10,5,14,9999.9,9999.9,569.8,bet placed
2017-03-17_3_10,6,10,9999.9,8889.6,674.0,bet placed
2017-03-17_3_10,6,14,9999.9,9999.9,726.3,bet placed
2017-03-17_3_10,8,14,9999.9,7899.1,1001.3,bet placed
2017-03-17_3_10,14,5,9999.9,9999.9,569.8,bet placed
2017-03-17_3_10,14,6,9999.9,9999.9,726.3,bet placed
2017-03-18_1_06,4,10,9999.9,8914.3,799.9,bet placed
2017-03-18_1_06,10,5,9999.9,8647.3,293.4,bet placed
2017-03-18_1_08,2,11,9999.9,7258.1,479.5,bet placed
2017-03-19_1_01,8,9,9999.9,3884.6,485.6,bet placed
2017-03-19_1_01,9,10,9999.9,9999.9,538.3,bet placed
2017-03-19_1_01,10,3,9999.9,7176.0,562.6,bet placed
2017-03-19_1_01,10,9,9999.9,9999.9,538.3,bet placed
2017-03-19_1_02,2,6,9999.9,9999.9,518.3,bet placed
2017-03-19_1_02,2,8,9999.9,9999.9,580.2,bet placed
2017-03-19_1_02,6,2,9999.9,9999.9,518.3,bet placed
2017-03-19_1_02,8,2,9999.9,9999.9,580.2,bet placed
2017-03-19_1_02,11,2,9999.9,8172.4,646.4,bet placed
2017-03-19_1_02,11,6,9999.9,9106.4,704.5,bet placed
2017-03-19_1_03,2,11,9999.9,9999.9,763.3,bet placed
2017-03-19_1_03,4,11,9999.9,5345.5,409.0,bet placed
2017-03-19_1_03,11,2,9999.9,9999.9,763.3,bet placed
2017-03-19_1_03,12,2,9999.9,6402.4,228.7,bet placed
2017-03-19_1_04,1,7,9999.9,9999.9,1136.2,bet placed
2017-03-19_1_04,1,8,9999.9,9999.9,1023.7,bet placed
2017-03-19_1_04,1,10,9999.9,9999.9,1181.2,bet placed
2017-03-19_1_04,1,11,9999.9,9999.9,658.1,bet placed
2017-03-19_1_04,1,12,9999.9,9999.9,884.3,bet placed
2017-03-19_1_04,2,7,9999.9,7130.9,284.4,bet placed
2017-03-19_1_04,6,1,9999.9,4668.7,435.0,bet placed
2017-03-19_1_04,7,1,9999.9,9999.9,1136.2,bet placed
2017-03-19_1_04,7,10,9999.9,9999.9,535.1,bet placed
2017-03-19_1_04,7,11,9999.9,9999.9,557.5,bet placed
2017-03-19_1_04,8,1,9999.9,9999.9,1023.7,bet placed
2017-03-19_1_04,8,11,9999.9,9999.9,466.2,bet placed
2017-03-19_1_04,10,1,9999.9,9999.9,1181.2,bet placed
2017-03-19_1_04,10,7,9999.9,9999.9,535.1,bet placed
2017-03-19_1_04,11,1,9999.9,9999.9,658.1,bet placed
2017-03-19_1_04,11,7,9999.9,9999.9,557.5,bet placed
2017-03-19_1_04,11,8,9999.9,9999.9,466.2,bet placed
2017-03-19_1_04,12,1,9999.9,9999.9,884.3,bet placed
2017-03-19_1_04,12,7,9999.9,9254.4,325.9,bet placed
2017-03-19_1_06,1,8,9999.9,9999.9,619.7,bet placed
2017-03-19_1_06,8,1,9999.9,9999.9,619.7,bet placed
2017-03-19_3_02,1,9,9999.9,9118.2,541.2,bet placed
2017-03-19_3_03,2,7,9999.9,7048.8,380.4,bet placed
2017-03-19_3_03,6,2,9999.9,4834.5,282.8,bet placed
2017-03-19_3_05,1,5,9999.9,7579.7,369.8,bet placed
2017-03-19_3_06,2,14,9999.9,9999.9,814.4,bet placed
2017-03-19_3_06,7,14,9999.9,4505.2,560.0,bet placed
2017-03-19_3_06,14,2,9999.9,9999.9,814.4,bet placed
2017-03-24_3_01,6,9,9999.9,9999.9,664.3,bet placed
2017-03-24_3_01,8,6,9999.9,8474.7,889.5,bet placed
2017-03-24_3_01,9,6,9999.9,9999.9,664.3,bet placed
2017-03-24_3_01,12,6,9999.9,2684.4,317.2,bet placed
2017-03-24_3_05,3,9,9999.9,8304.9,448.4,bet placed
2017-03-25_1_04,9,3,9999.9,5898.0,403.2,bet placed
2017-03-25_1_08,2,10,9999.9,6044.8,499.6,bet placed
2017-03-25_1_10,3,14,9999.9,9999.9,634.8,bet placed
2017-03-25_1_10,14,3,9999.9,9999.9,634.8,bet placed
2017-03-25_1_11,7,2,9999.9,7251.6,503.3,bet placed
2017-03-26_1_01,12,3,9999.9,8447.2,752.8,bet placed
2017-03-26_1_02,10,3,9999.9,5779.0,200.4,bet placed
2017-03-26_1_04,1,7,9999.9,8728.5,444.3,bet placed
2017-03-26_1_04,1,10,9999.9,9689.1,495.0,bet placed
2017-03-26_1_04,6,10,9999.9,7193.7,395.1,bet placed
2017-03-26_1_04,7,10,9999.9,7956.8,442.0,bet placed
2017-03-26_3_04,1,12,9999.9,9999.9,706.9,bet placed
2017-03-26_3_04,9,1,9999.9,8125.9,320.2,bet placed
2017-03-26_3_04,10,12,9999.9,8125.9,314.3,bet placed
2017-03-26_3_04,12,1,9999.9,9999.9,706.9,bet placed
2017-03-31_3_03,9,2,9999.9,6221.1,570.0,bet placed
2017-04-01_1_09,2,11,9999.9,8686.8,364.7,bet placed
2017-04-01_1_09,6,2,9999.9,8126.9,389.5,bet placed
2017-04-01_1_09,8,2,9999.9,6210.4,554.6,bet placed
2017-04-22_1_05,3,11,9999.9,9999.9,1594.2,bet placed
2017-04-22_1_05,11,3,9999.9,9999.9,1594.2,bet placed
2017-04-22_1_05,11,4,9999.9,7853.0,914.8,bet placed
2017-04-22_1_05,12,3,9999.9,7678.8,568.3,bet placed
2017-04-22_1_05,12,4,9999.9,6497.5,532.7,bet placed
2017-04-30_1_01,5,10,9999.9,9999.9,378.1,bet placed
2017-04-30_1_01,10,5,9999.9,9999.9,378.1,bet placed
2017-05-05_3_02,11,7,9999.9,9639.7,651.3,bet placed
2017-05-05_3_02,11,8,9999.9,9814.2,501.9,bet placed
2017-05-07_3_05,3,14,9999.9,9999.9,1593.1,bet placed
2017-05-07_3_05,14,3,9999.9,9999.9,1593.1,bet placed
2017-05-12_3_01,2,10,9999.9,9999.9,219.3,bet placed
2017-05-12_3_01,4,10,9999.9,9999.9,510.4,bet placed
2017-05-12_3_01,10,2,9999.9,9999.9,219.3,bet placed
2017-05-12_3_01,10,4,9999.9,9999.9,510.4,bet placed
2017-05-19_3_01,6,11,9999.9,3273.5,169.1,bet placed
2017-05-20_1_05,3,12,9999.9,9999.9,839.9,bet placed
2017-05-20_1_05,7,12,9999.9,9758.8,694.6,bet placed
2017-05-20_1_05,12,3,9999.9,9999.9,839.9,bet placed
2017-05-28_1_09,7,3,9999.9,8173.9,298.2,bet placed
2017-06-03_1_02,6,9,9999.9,7054.9,322.3,bet placed
2017-06-03_1_04,2,7,9999.9,9730.2,955.0,bet placed
2017-06-03_1_04,9,7,9999.9,9240.7,514.3,bet placed
2017-06-03_1_04,10,2,9999.9,9730.2,553.2,bet placed
2017-06-03_1_04,10,7,9999.9,9571.8,856.5,bet placed
2017-06-03_1_04,12,7,9999.9,6033.9,487.5,bet placed
2017-06-03_1_10,5,11,9999.9,9999.9,379.8,bet placed
2017-06-03_1_10,5,12,9999.9,9999.9,504.7,bet placed
2017-06-03_1_10,6,11,9999.9,9999.9,686.5,bet placed
2017-06-03_1_10,10,5,9999.9,5020.8,503.7,bet placed
2017-06-03_1_10,11,5,9999.9,9999.9,379.8,bet placed
2017-06-03_1_10,11,6,9999.9,9999.9,686.5,bet placed
2017-06-03_1_10,12,5,9999.9,9999.9,504.7,bet placed
2017-06-09_3_07,3,10,9999.9,9697.4,664.8,bet placed
2017-06-09_3_07,7,2,9999.9,2925.3,217.6,bet placed
2017-06-09_3_07,11,2,9999.9,6223.4,503.3,bet placed
2017-06-11_1_07,1,8,9999.9,7215.6,445.0,bet placed
2017-06-11_3_05,1,8,9999.9,9420.0,710.5,bet placed
2017-06-11_3_05,1,14,9999.9,9999.9,1120.8,bet placed
2017-06-11_3_05,1,15,9999.9,9999.9,812.4,bet placed
2017-06-11_3_05,2,14,9999.9,9999.9,951.8,bet placed
2017-06-11_3_05,4,15,9999.9,9999.9,773.5,bet placed
2017-06-11_3_05,6,14,9999.9,4933.8,388.9,bet placed
2017-06-11_3_05,7,4,9999.9,7651.7,501.5,bet placed
2017-06-11_3_05,7,14,9999.9,9999.9,570.9,bet placed
2017-06-11_3_05,8,4,9999.9,6967.2,502.0,bet placed
2017-06-11_3_05,8,14,9999.9,9999.9,564.4,bet placed
2017-06-11_3_05,12,14,9999.9,7651.7,542.1,bet placed
2017-06-11_3_05,14,1,9999.9,9999.9,1120.8,bet placed
2017-06-11_3_05,14,2,9999.9,9999.9,951.8,bet placed
2017-06-11_3_05,14,7,9999.9,9999.9,570.9,bet placed
2017-06-11_3_05,14,8,9999.9,9999.9,564.4,bet placed
2017-06-11_3_05,15,1,9999.9,9999.9,812.4,bet placed
2017-06-11_3_05,15,4,9999.9,9999.9,773.5,bet placed
2017-06-11_3_05,15,14,9999.9,9564.6,998.5,bet placed
2017-06-11_3_05,16,4,9999.9,5506.9,311.9,bet placed
2017-06-16_3_02,5,9,9999.9,9945.2,895.7,bet placed
2017-06-23_3_02,5,11,9999.9,9379.8,440.3,bet placed
2017-06-23_3_02,6,10,9999.9,9999.9,401.5,bet placed
2017-06-23_3_02,6,11,9999.9,9999.9,891.1,bet placed
2017-06-23_3_02,8,10,9999.9,9999.9,325.2,bet placed
2017-06-23_3_02,8,11,9999.9,9999.9,421.7,bet placed
2017-06-23_3_02,10,6,9999.9,9999.9,401.5,bet placed
2017-06-23_3_02,10,8,9999.9,9999.9,325.2,bet placed
2017-06-23_3_02,11,6,9999.9,9999.9,891.1,bet placed
2017-06-23_3_02,11,8,9999.9,9999.9,421.7,bet placed
2017-07-02_1_03,11,6,9999.9,6659.9,246.9,bet placed
2017-07-08_1_01,1,10,9999.9,6254.7,1082.7,bet placed
2017-07-08_1_01,11,1,9999.9,7365.9,563.9,bet placed
2017-07-15_1_01,4,9,9999.9,9999.9,285.6,bet placed
2017-07-15_1_01,9,3,9999.9,9812.8,678.7,bet placed
2017-07-15_1_01,9,4,9999.9,9999.9,285.6,bet placed
2017-08-12_1_03,4,11,9999.9,8601.5,593.5,bet placed
2017-08-12_1_03,6,11,9999.9,7302.8,331.3,bet placed
2017-08-12_1_03,8,11,9999.9,8287.4,350.7,bet placed
2017-08-13_1_04,1,12,9999.9,8021.3,570.5,bet placed
2017-08-13_1_04,4,12,9999.9,8391.8,678.2,bet placed
2017-08-13_1_04,6,12,9999.9,9999.9,716.3,bet placed
2017-08-13_1_04,12,6,9999.9,9999.9,716.3,bet placed
2017-08-19_1_01,1,11,9999.9,9999.9,869.7,bet placed
2017-08-19_1_01,1,12,9999.9,9999.9,872.1,bet placed
2017-08-19_1_01,8,11,9999.9,9999.9,363.3,bet placed
2017-08-19_1_01,8,12,9999.9,9999.9,450.3,bet placed
2017-08-19_1_01,10,11,9999.9,6770.5,263.3,bet placed
2017-08-19_1_01,11,1,9999.9,9999.9,869.7,bet placed
2017-08-19_1_01,11,8,9999.9,9999.9,363.3,bet placed
2017-08-19_1_01,12,1,9999.9,9999.9,872.1,bet placed
2017-08-19_1_01,12,8,9999.9,9999.9,450.3,bet placed
2017-09-08_3_02,9,12,9999.9,9999.9,548.1,bet placed
2017-09-08_3_02,12,7,9999.9,8228.8,536.4,bet placed
2017-09-08_3_02,12,9,9999.9,9999.9,548.1,bet placed
2017-09-23_1_01,6,4,9999.9,9457.5,305.0,bet placed
2017-09-23_1_01,6,11,9999.9,5901.8,435.9,bet placed
2017-09-23_1_02,4,12,9999.9,6395.1,440.7,bet placed
2017-09-24_1_04,5,11,9999.9,8721.8,755.8,bet placed
2017-09-24_1_04,5,12,9999.9,9657.1,533.5,bet placed
2017-09-24_1_04,8,11,9999.9,7886.9,626.0,bet placed
2017-10-13_3_10,6,12,9999.9,5537.9,480.2,bet placed
2017-10-14_1_02,1,7,9999.9,9999.9,366.4,bet placed
2017-10-14_1_02,7,1,9999.9,9999.9,366.4,bet placed
2017-10-14_1_02,9,1,9999.9,8119.8,1151.4,bet placed
2017-10-14_1_09,12,8,9999.9,9706.7,675.3,bet placed
2017-10-15_1_01,8,11,9999.9,9999.9,865.4,bet placed
2017-10-15_1_01,11,1,9999.9,4899.8,375.5,bet placed
2017-10-15_1_01,11,8,9999.9,9999.9,865.4,bet placed
2017-10-20_3_02,3,12,9999.9,9999.9,783.6,bet placed
2017-10-20_3_02,5,12,9999.9,5559.3,278.8,bet placed
2017-10-20_3_02,7,12,9999.9,7348.2,335.6,bet placed
2017-10-20_3_02,8,12,9999.9,7895.4,422.5,bet placed
2017-10-20_3_02,10,3,9999.9,3701.6,860.5,bet placed
2017-10-20_3_02,11,12,9999.9,5320.2,302.9,bet placed
2017-10-20_3_02,12,3,9999.9,9999.9,783.6,bet placed
2017-10-20_3_02,12,9,9999.9,7459.0,746.1,bet placed
2017-10-20_3_04,5,12,9999.9,9738.8,401.7,bet placed
2017-10-20_3_05,5,12,9999.9,7878.3,453.4,bet placed
2017-10-22_1_02,1,8,9999.9,5172.0,316.6,bet placed
2017-10-22_1_02,1,12,9999.9,4304.6,299.5,bet placed
2017-10-22_1_02,4,8,9999.9,9999.9,729.0,bet placed
2017-10-22_1_02,4,12,9999.9,9999.9,637.3,bet placed
2017-10-22_1_02,5,12,9999.9,9999.9,798.3,bet placed
2017-10-22_1_02,6,8,9999.9,9999.9,533.2,bet placed
2017-10-22_1_02,6,12,9999.9,9999.9,1060.6,bet placed
2017-10-22_1_02,7,12,9999.9,9999.9,574.9,bet placed
2017-10-22_1_02,8,4,9999.9,9999.9,729.0,bet placed
2017-10-22_1_02,8,6,9999.9,9999.9,533.2,bet placed
2017-10-22_1_02,8,11,9999.9,8448.7,716.6,bet placed
2017-10-22_1_02,8,12,9999.9,9999.9,1447.2,bet placed
2017-10-22_1_02,12,4,9999.9,9999.9,637.3,bet placed
2017-10-22_1_02,12,5,9999.9,9999.9,798.3,bet placed
2017-10-22_1_02,12,6,9999.9,9999.9,1060.6,bet placed
2017-10-22_1_02,12,7,9999.9,9999.9,574.9,bet placed
2017-10-22_1_02,12,8,9999.9,9999.9,1447.2,bet placed
2017-10-27_3_03,5,11,9999.9,9861.1,530.9,bet placed
2017-10-27_3_03,6,9,9999.9,7077.3,827.9,bet placed
2017-10-27_3_08,3,11,9999.9,2136.4,178.7,bet placed
2017-10-28_1_02,4,12,9999.9,9999.9,447.6,bet placed
2017-10-28_1_02,7,9,9999.9,9999.9,708.8,bet placed
2017-10-28_1_02,7,12,9999.9,9999.9,651.8,bet placed
2017-10-28_1_02,9,7,9999.9,9999.9,708.8,bet placed
2017-10-28_1_02,9,12,9999.9,9999.9,608.7,bet placed
2017-10-28_1_02,11,4,9999.9,2445.7,181.5,bet placed
2017-10-28_1_02,11,9,9999.9,4092.5,347.9,bet placed
2017-10-28_1_02,12,4,9999.9,9999.9,447.6,bet placed
2017-10-28_1_02,12,7,9999.9,9999.9,651.8,bet placed
2017-10-28_1_02,12,9,9999.9,9999.9,608.7,bet placed
2017-10-28_1_03,6,11,9999.9,9999.9,601.3,bet placed
2017-10-28_1_03,6,12,9999.9,9999.9,531.2,bet placed
2017-10-28_1_03,11,6,9999.9,9999.9,601.3,bet placed
2017-10-28_1_03,12,6,9999.9,9999.9,531.2,bet placed
2017-11-04_1_01,2,5,9999.9,9999.9,1123.1,bet placed
2017-11-04_1_01,2,11,9999.9,9999.9,1134.9,bet placed
2017-11-04_1_01,5,2,9999.9,9999.9,1123.1,bet placed
2017-11-04_1_01,5,11,9999.9,9999.9,481.3,bet placed
2017-11-04_1_01,6,2,9999.9,7391.1,398.6,bet placed
2017-11-04_1_01,7,2,9999.9,3508.9,259.8,bet placed
2017-11-04_1_01,8,2,9999.9,9081.9,859.1,bet placed
2017-11-04_1_01,8,11,9999.9,9999.9,482.4,bet placed
2017-11-04_1_01,10,2,9999.9,3014.2,387.8,bet placed
2017-11-04_1_01,11,2,9999.9,9999.9,1134.9,bet placed
2017-11-04_1_01,11,5,9999.9,9999.9,481.3,bet placed
2017-11-04_1_01,11,8,9999.9,9999.9,482.4,bet placed
2017-11-04_1_02,3,10,9999.9,3527.0,241.7,bet placed
2017-11-04_1_03,3,9,9999.9,9999.9,901.1,bet placed
2017-11-04_1_03,9,3,9999.9,9999.9,901.1,bet placed
2017-11-04_1_03,10,3,9999.9,8212.1,625.0,bet placed
2017-11-04_1_03,10,9,9999.9,7782.9,364.3,bet placed
2017-11-05_1_02,9,11,9999.9,9999.9,462.4,bet placed
2017-11-05_1_02,11,9,9999.9,9999.9,462.4,bet placed
2017-11-05_1_02,12,9,9999.9,3496.7,275.5,bet placed
2017-11-10_3_07,2,11,9999.9,9999.9,707.9,bet placed
2017-11-10_3_07,6,11,9999.9,5956.4,335.7,bet placed
2017-11-10_3_07,11,2,9999.9,9999.9,707.9,bet placed
2017-11-11_1_01,3,7,9999.9,9787.3,472.0,bet placed
2017-11-11_1_01,4,12,9999.9,8030.6,392.9,bet placed
2017-11-11_1_05,8,1,9999.9,9112.0,388.1,bet placed
2017-11-17_3_01,10,2,9999.9,8270.7,217.0,bet placed
2017-11-18_1_01,6,9,9999.9,5540.5,532.1,bet placed
2017-11-18_1_02,9,6,9999.9,8964.5,507.5,bet placed
2017-11-18_1_03,8,9,9999.9,9999.9,690.2,bet placed
2017-11-18_1_03,9,8,9999.9,9999.9,690.2,bet placed
2017-11-18_1_03,9,11,9999.9,6449.6,312.8,bet placed
2017-11-19_1_01,5,11,9999.9,9999.9,463.6,bet placed
2017-11-19_1_01,5,12,9999.9,9113.6,303.9,bet placed
2017-11-19_1_01,11,5,9999.9,9999.9,463.6,bet placed
2017-11-19_1_01,12,11,9999.9,9041.9,250.2,bet placed
2017-11-19_1_06,1,12,9999.9,8165.0,247.9,bet placed
2017-11-24_2_01,7,10,9999.9,6952.9,437.9,bet placed
2017-11-24_3_01,9,3,9999.9,6854.4,483.5,bet placed
2017-11-24_3_02,6,8,9999.9,5468.2,315.0,bet placed
2017-11-24_3_02,8,10,9999.9,9999.9,426.0,bet placed
2017-11-24_3_02,9,10,9999.9,9999.9,330.7,bet placed
2017-11-24_3_02,10,8,9999.9,9999.9,426.0,bet placed
2017-11-24_3_02,10,9,9999.9,9999.9,330.7,bet placed
2017-11-24_3_02,12,9,9999.9,8998.2,338.2,bet placed
2017-11-24_3_03,4,6,9999.9,7554.5,174.0,bet placed
2017-11-24_3_03,5,6,9999.9,9999.9,767.3,bet placed
2017-11-24_3_03,6,5,9999.9,9999.9,767.3,bet placed
2017-11-24_3_03,6,9,9999.9,9999.9,526.3,bet placed
2017-11-24_3_03,6,10,9999.9,9999.9,930.1,bet placed
2017-11-24_3_03,9,5,9999.9,8347.9,1225.2,bet placed
2017-11-24_3_03,9,6,9999.9,9999.9,526.3,bet placed
2017-11-24_3_03,10,5,9999.9,9095.5,694.8,bet placed
2017-11-24_3_03,10,6,9999.9,9999.9,930.1,bet placed
2017-12-02_1_02,2,10,9999.9,5741.6,301.1,bet placed
2017-12-10_1_06,12,5,9999.9,8656.0,332.2,bet placed
2017-12-10_1_09,9,2,9999.9,5591.2,363.7,bet placed
2017-12-10_1_09,10,2,9999.9,9107.6,786.5,bet placed
2017-12-22_3_01,5,10,9999.9,7886.4,747.1,bet placed
2017-12-22_3_01,6,10,9999.9,8543.6,554.6,bet placed
2017-12-22_3_01,6,11,9999.9,7323.1,358.7,bet placed
2017-12-22_3_01,10,11,9999.9,7671.8,588.5,bet placed
2017-12-22_3_02,8,12,9999.9,9687.0,437.9,bet placed
2017-12-22_3_03,11,3,9999.9,5722.5,239.9,bet placed
2017-12-24_1_02,1,9,9999.9,9999.9,921.9,bet placed
2017-12-24_1_02,4,9,9999.9,9999.9,470.5,bet placed
2017-12-24_1_02,9,1,9999.9,9999.9,921.9,bet placed
2017-12-24_1_02,9,4,9999.9,9999.9,470.5,bet placed
2017-12-24_1_02,11,9,9999.9,9118.4,731.9,bet placed
2017-12-24_1_02,12,9,9999.9,4797.8,516.3,bet placed
2018-01-06_1_02,2,8,9999.9,8688.1,385.0,bet placed
2018-01-06_1_02,2,9,9999.9,9999.9,504.6,bet placed
2018-01-06_1_02,2,12,9999.9,9999.9,518.3,bet placed
2018-01-06_1_02,8,12,9999.9,9999.9,707.4,bet placed
2018-01-06_1_02,9,2,9999.9,9999.9,504.6,bet placed
2018-01-06_1_02,9,12,9999.9,9999.9,771.3,bet placed
2018-01-06_1_02,12,2,9999.9,9999.9,518.3,bet placed
2018-01-06_1_02,12,8,9999.9,9999.9,707.4,bet placed
2018-01-06_1_02,12,9,9999.9,9999.9,771.3,bet placed
2018-01-14_1_01,6,9,9999.9,9631.0,388.3,bet placed
2018-01-14_1_01,7,9,9999.9,9560.7,735.5,bet placed
2018-01-14_1_01,7,12,9999.9,9999.9,557.9,bet placed
2018-01-14_1_01,9,12,9999.9,9999.9,412.3,bet placed
2018-01-14_1_01,12,7,9999.9,9999.9,557.9,bet placed
2018-01-14_1_01,12,9,9999.9,9999.9,412.3,bet placed
2018-01-20_1_01,2,11,9999.9,6590.7,282.5,bet placed
2018-01-20_1_01,3,11,9999.9,7393.7,692.3,bet placed
2018-01-20_1_01,6,11,9999.9,5374.7,529.9,bet placed
2018-01-20_1_02,3,9,9999.9,9999.9,759.8,bet placed
2018-01-20_1_02,5,3,9999.9,5172.0,224.3,bet placed
2018-01-20_1_02,9,3,9999.9,9999.9,759.8,bet placed
2018-01-20_1_02,9,4,9999.9,9125.8,400.5,bet placed
2018-01-20_1_07,9,4,9999.9,5674.4,375.0,bet placed
2018-01-20_2_02,8,10,9999.9,8894.2,278.1,bet placed
2018-01-21_3_02,1,9,9999.9,8764.3,536.5,bet placed
2018-01-26_2_07,4,10,9999.9,497.5,336.9,bet placed
2018-01-26_3_01,6,12,9999.9,9999.9,748.4,bet placed
2018-01-26_3_01,9,6,9999.9,6796.8,316.3,bet placed
2018-01-26_3_01,12,6,9999.9,9999.9,748.4,bet placed
2018-01-26_3_02,6,12,9999.9,7837.6,631.3,bet placed
2018-01-26_3_09,2,11,9999.9,7743.0,493.4,bet placed
2018-01-26_3_09,4,11,9999.9,9999.9,512.3,bet placed
2018-01-26_3_09,5,11,9999.9,9999.9,1174.2,bet placed
2018-01-26_3_09,8,11,9999.9,5255.5,328.6,bet placed
2018-01-26_3_09,11,4,9999.9,9999.9,512.3,bet placed
2018-01-26_3_09,11,5,9999.9,9999.9,1174.2,bet placed
2018-01-27_1_04,3,7,9999.9,8066.2,392.7,bet placed
2018-01-27_1_04,3,9,9999.9,9999.9,790.1,bet placed
2018-01-27_1_04,8,3,9999.9,7604.3,537.2,bet placed
2018-01-27_1_04,9,3,9999.9,9999.9,790.1,bet placed
2018-01-27_1_04,10,3,9999.9,8014.1,580.2,bet placed
2018-02-03_1_02,4,11,9999.9,9999.9,433.2,bet placed
2018-02-03_1_02,5,11,9999.9,9999.9,550.7,bet placed
2018-02-03_1_02,7,11,9999.9,8763.6,504.7,bet placed
2018-02-03_1_02,11,4,9999.9,9999.9,433.2,bet placed
2018-02-03_1_02,11,5,9999.9,9999.9,550.7,bet placed
2018-02-24_1_01,1,11,9999.9,9212.6,615.4,bet placed
2018-02-24_1_01,2,11,9999.9,6728.3,541.7,bet placed
2018-02-24_1_01,4,11,9999.9,9999.9,977.8,bet placed
2018-02-24_1_01,5,11,9999.9,9999.9,628.8,bet placed
2018-02-24_1_01,11,4,9999.9,9999.9,977.8,bet placed
2018-02-24_1_01,11,5,9999.9,9999.9,628.8,bet placed
2018-02-24_1_02,1,9,9999.9,1812.6,537.5,bet placed
2018-02-25_3_03,3,8,9999.9,4250.2,160.9,bet placed
2018-02-25_3_03,7,8,9999.9,9999.9,273.3,bet placed
2018-02-25_3_03,8,7,9999.9,9999.9,273.3,bet placed
2018-03-03_1_01,5,10,9999.9,9999.9,316.7,bet placed
2018-03-03_1_01,6,8,9999.9,8067.8,385.3,bet placed
2018-03-03_1_01,6,10,9999.9,9999.9,1057.2,bet placed
2018-03-03_1_01,7,10,9999.9,9999.9,821.2,bet placed
2018-03-03_1_01,8,10,9999.9,7470.2,625.9,bet placed
2018-03-03_1_01,10,5,9999.9,9999.9,316.7,bet placed
2018-03-03_1_01,10,6,9999.9,9999.9,1057.2,bet placed
2018-03-03_1_01,10,7,9999.9,9999.9,821.2,bet placed
2018-03-03_1_01,11,10,9999.9,6153.4,264.0,bet placed
2018-03-11_1_01,4,6,9999.9,3987.5,354.0,bet placed
2018-04-06_3_02,10,7,9999.9,6168.1,499.5,bet placed
2018-04-27_3_01,1,10,9999.9,9999.9,464.7,bet placed
2018-04-27_3_01,1,11,9999.9,9999.9,578.0,bet placed
2018-04-27_3_01,3,10,9999.9,4658.5,571.0,bet placed
2018-04-27_3_01,3,11,9999.9,9962.8,393.9,bet placed
2018-04-27_3_01,4,10,9999.9,4791.6,629.2,bet placed
2018-04-27_3_01,6,11,9999.9,9999.9,185.1,bet placed
2018-04-27_3_01,10,1,9999.9,9999.9,464.7,bet placed
2018-04-27_3_01,10,11,9999.9,9999.9,841.4,bet placed
2018-04-27_3_01,11,1,9999.9,9999.9,578.0,bet placed
2018-04-27_3_01,11,6,9999.9,9999.9,185.1,bet placed
2018-04-27_3_01,11,10,9999.9,9999.9,841.4,bet placed
2018-04-29_1_01,1,11,9999.9,6140.6,550.9,bet placed
2018-04-29_1_01,3,11,9999.9,8683.9,389.0,bet placed
2018-04-29_1_01,5,11,9999.9,9999.9,481.7,bet placed
2018-04-29_1_01,11,5,9999.9,9999.9,481.7,bet placed
2018-05-19_1_02,2,10,9999.9,4215.3,548.6,bet placed
2018-05-19_1_02,5,10,9999.9,6082.9,480.0,bet placed
2018-05-19_1_02,6,10,9999.9,9999.9,612.4,bet placed
2018-05-19_1_02,7,10,9999.9,9068.3,705.1,bet placed
2018-05-19_1_02,10,6,9999.9,9999.9,612.4,bet placed
2018-05-27_1_09,1,7,9999.9,9999.9,792.1,bet placed
2018-05-27_1_09,3,7,9999.9,9999.9,941.4,bet placed
2018-05-27_1_09,3,8,9999.9,8153.5,472.2,bet placed
2018-05-27_1_09,7,1,9999.9,9999.9,792.1,bet placed
2018-05-27_1_09,7,3,9999.9,9999.9,941.4,bet placed
2018-05-27_1_09,7,10,9999.9,6978.3,667.2,bet placed
2018-05-27_1_09,8,7,9999.9,9244.9,501.4,bet placed
2018-05-27_1_09,10,1,9999.9,9281.4,385.5,bet placed
2018-05-27_1_09,11,7,9999.9,7866.7,358.2,bet placed
2018-06-03_1_08,5,10,9999.9,9999.9,1101.4,bet placed
2018-06-03_1_08,5,12,9999.9,9999.9,1071.3,bet placed
2018-06-03_1_08,5,16,9999.9,9999.9,1211.6,bet placed
2018-06-03_1_08,7,16,9999.9,7501.2,515.0,bet placed
2018-06-03_1_08,9,5,9999.9,7999.0,1032.2,bet placed
2018-06-03_1_08,10,5,9999.9,9999.9,1101.4,bet placed
2018-06-03_1_08,10,16,9999.9,7595.7,690.4,bet placed
2018-06-03_1_08,12,5,9999.9,9999.9,1071.3,bet placed
2018-06-03_1_08,16,5,9999.9,9999.9,1211.6,bet placed
2018-06-29_2_07,4,6,9999.9,5385.3,97.7,bet placed
2018-08-18_1_01,3,12,9999.9,9999.9,372.0,bet placed
2018-08-18_1_01,4,11,9999.9,4019.5,566.6,bet placed
2018-08-18_1_01,4,12,9999.9,6301.7,588.3,bet placed
2018-08-18_1_01,12,3,9999.9,9999.9,372.0,bet placed
2018-10-05_3_02,3,10,9999.9,9999.9,991.4,bet placed
2018-10-05_3_02,10,3,9999.9,9999.9,991.4,bet placed
2018-10-06_1_02,4,9,9999.9,8649.6,366.1,bet placed
2018-10-06_1_02,5,9,9999.9,9274.5,454.0,bet placed
2018-10-06_1_02,7,9,9999.9,9641.1,574.1,bet placed
2018-10-06_1_02,11,7,9999.9,6418.9,147.8,bet placed
2018-10-06_1_02,11,9,9999.9,6319.1,452.4,bet placed
2018-10-27_1_10,9,12,9999.9,6324.1,486.0,bet placed
2018-11-03_1_05,8,4,9999.9,8882.0,694.1,bet placed
2018-11-03_1_11,5,11,9999.9,7462.6,1271.8,bet placed
2018-11-03_1_11,5,14,9999.9,9999.9,449.3,bet placed
2018-11-03_1_11,14,1,9999.9,9338.3,635.9,bet placed
2018-11-03_1_11,14,5,9999.9,9999.9,449.3,bet placed
2018-11-04_1_04,8,5,9999.9,9451.9,734.3,bet placed
2018-11-04_1_04,9,5,9999.9,5315.8,786.9,bet placed
2018-11-04_1_04,11,5,9999.9,6534.0,569.8,bet placed
2018-11-16_3_01,1,10,9999.9,4945.9,381.2,bet placed
2018-11-16_3_01,3,6,9999.9,5730.4,468.2,bet placed
2018-11-16_3_01,3,10,9999.9,8934.6,747.2,bet placed
2018-11-16_3_01,4,10,9999.9,4694.4,355.9,bet placed
2018-11-16_3_01,6,10,9999.9,9999.9,603.4,bet placed
2018-11-16_3_01,7,10,9999.9,9999.9,400.1,bet placed
2018-11-16_3_01,10,6,9999.9,9999.9,603.4,bet placed
2018-11-16_3_01,10,7,9999.9,9999.9,400.1,bet placed
2018-11-16_3_01,12,6,9999.9,7418.9,366.3,bet placed
2018-11-16_3_01,12,7,9999.9,7288.7,129.2,bet placed
2018-11-16_3_01,12,10,9999.9,9031.7,1151.4,bet placed
2018-11-16_3_02,1,9,9999.9,8580.2,1037.7,bet placed
2018-11-16_3_06,3,10,9999.9,8905.7,413.6,bet placed
2018-11-16_3_06,6,1,9999.9,6999.5,408.8,bet placed
2018-11-17_1_03,3,5,9999.9,4665.3,352.1,bet placed
2018-11-17_1_03,5,8,9999.9,9999.9,393.9,bet placed
2018-11-17_1_03,8,5,9999.9,9999.9,393.9,bet placed
2018-11-17_1_03,12,5,9999.9,3470.3,269.3,bet placed
2018-11-17_1_04,8,1,9999.9,6425.6,549.3,bet placed
2018-11-17_1_04,10,1,9999.9,8471.9,593.8,bet placed
2018-11-17_1_04,12,3,9999.9,4009.2,560.9,bet placed
2018-11-18_1_02,2,9,9999.9,7135.7,479.7,bet placed
2018-11-18_1_02,3,9,9999.9,3502.0,327.4,bet placed
2018-11-18_1_02,3,12,9999.9,7353.2,248.3,bet placed
2018-11-18_1_02,4,8,9999.9,9999.9,540.1,bet placed
2018-11-18_1_02,4,9,9999.9,6720.2,712.1,bet placed
2018-11-18_1_02,4,12,9999.9,9999.9,665.8,bet placed
2018-11-18_1_02,8,4,9999.9,9999.9,540.1,bet placed
2018-11-18_1_02,8,9,9999.9,9999.9,453.7,bet placed
2018-11-18_1_02,8,12,9999.9,9999.9,572.2,bet placed
2018-11-18_1_02,9,8,9999.9,9999.9,453.7,bet placed
2018-11-18_1_02,9,12,9999.9,9999.9,572.2,bet placed
2018-11-18_1_02,12,4,9999.9,9999.9,665.8,bet placed
2018-11-18_1_02,12,8,9999.9,9999.9,572.2,bet placed
2018-11-18_1_02,12,9,9999.9,9999.9,572.2,bet placed
2018-11-18_3_05,2,12,9999.9,3862.5,463.3,bet placed
2018-11-18_3_05,12,15,9999.9,9999.9,532.4,bet placed
2018-11-18_3_05,13,10,9999.9,4150.3,985.6,bet placed
2018-11-18_3_05,15,12,9999.9,9999.9,532.4,bet placed
2018-11-23_3_05,9,12,9999.9,7489.4,558.0,bet placed
2018-12-01_1_01,3,8,9999.9,8231.7,649.8,bet placed
2018-12-01_1_01,3,12,9999.9,9999.9,633.5,bet placed
2018-12-01_1_01,11,3,9999.9,8923.4,430.6,bet placed
2018-12-01_1_01,12,3,9999.9,9999.9,633.5,bet placed
2018-12-01_1_01,12,8,9999.9,8633.2,467.1,bet placed
2018-12-08_1_02,4,11,9999.9,9411.3,375.5,bet placed
2018-12-08_1_03,6,11,9999.9,9966.6,364.8,bet placed
2018-12-09_1_09,3,15,9999.9,9999.9,830.8,bet placed
2018-12-09_1_09,15,3,9999.9,9999.9,830.8,bet placed
2018-12-14_3_01,1,8,9999.9,7510.0,410.2,bet placed
2018-12-14_3_01,5,10,9999.9,9999.9,427.1,bet placed
2018-12-14_3_01,8,10,9999.9,7727.7,689.9,bet placed
2018-12-14_3_01,10,5,9999.9,9999.9,427.1,bet placed
2018-12-16_1_02,6,11,9999.9,7293.7,512.7,bet placed
2018-12-16_1_05,3,9,9999.9,6336.3,361.8,bet placed
2018-12-16_1_05,9,11,9999.9,9498.2,458.2,bet placed
2018-12-22_1_07,1,10,9999.9,6281.4,366.9,bet placed
2018-12-23_1_03,3,10,9999.9,8992.2,278.5,bet placed
2018-12-23_1_03,6,10,9999.9,9999.9,372.2,bet placed
2018-12-23_1_03,10,6,9999.9,9999.9,372.2,bet placed
2018-12-30_3_04,4,11,9999.9,8016.4,460.7,bet placed
2019-01-05_1_02,2,10,9999.9,5911.7,399.7,bet placed
2019-01-05_1_02,3,10,9999.9,3443.8,318.3,bet placed
2019-01-05_1_02,4,10,9999.9,3919.9,382.8,bet placed
2019-01-05_1_02,6,10,9999.9,9999.9,1046.1,bet placed
2019-01-05_1_02,7,10,9999.9,9074.5,413.5,bet placed
2019-01-05_1_02,10,6,9999.9,9999.9,1046.1,bet placed
2019-01-05_1_05,1,11,9999.9,7670.6,383.1,bet placed
2019-01-13_1_02,6,9,9999.9,8565.4,444.7,bet placed
2019-01-13_1_02,7,5,9999.9,9819.6,522.2,bet placed
2019-01-13_1_10,1,6,9999.9,9999.9,606.6,bet placed
2019-01-13_1_10,5,12,9999.9,9999.9,519.5,bet placed
2019-01-13_1_10,6,1,9999.9,9999.9,606.6,bet placed
2019-01-13_1_10,12,1,9999.9,9281.4,724.3,bet placed
2019-01-13_1_10,12,5,9999.9,9999.9,519.5,bet placed
2019-01-13_1_10,12,6,9999.9,9694.3,566.3,bet placed
2019-02-16_1_04,6,12,9999.9,5079.3,345.0,bet placed
2019-02-16_1_04,8,12,9999.9,9080.6,448.6,bet placed
2019-02-17_1_06,5,12,9999.9,5606.9,418.1,bet placed
2019-02-17_3_01,2,11,9999.9,8967.7,508.5,bet placed
2019-02-17_3_01,5,11,9999.9,6671.6,333.8,bet placed
2019-02-17_3_01,6,11,9999.9,5730.4,361.2,bet placed
2019-02-17_3_01,8,11,9999.9,7644.0,320.7,bet placed
2019-02-22_3_04,12,6,9999.9,5833.3,555.8,bet placed
2019-03-01_3_01,5,10,9999.9,8824.6,526.6,bet placed
2019-03-02_1_01,9,3,9999.9,7770.9,381.9,bet placed
2019-03-02_1_01,11,9,9999.9,8958.2,914.3,bet placed
2019-03-03_1_10,6,2,9999.9,7736.3,392.3,bet placed
2019-03-08_3_01,9,5,9999.9,1484.6,250.1,bet placed
2019-03-08_3_01,11,4,9999.9,9553.7,545.0,bet placed
2019-03-08_3_01,11,5,9999.9,6530.4,328.8,bet placed
2019-03-08_3_01,12,4,9999.9,9131.0,705.1,bet placed
2019-03-08_3_01,12,5,9999.9,8598.3,485.0,bet placed
2019-03-08_3_07,2,8,9999.9,9999.9,514.0,bet placed
2019-03-08_3_07,2,9,9999.9,9999.9,958.1,bet placed
2019-03-08_3_07,6,9,9999.9,7891.4,533.4,bet placed
2019-03-08_3_07,8,2,9999.9,9999.9,514.0,bet placed
2019-03-08_3_07,9,2,9999.9,9999.9,958.1,bet placed
2019-03-08_3_07,12,8,9999.9,6487.5,364.4,bet placed
2019-03-15_3_01,7,12,9999.9,9999.9,436.3,bet placed
2019-03-15_3_01,12,7,9999.9,9999.9,436.3,bet placed
2019-03-16_1_01,1,12,9999.9,5528.9,744.6,bet placed
2019-03-16_1_01,2,11,9999.9,5583.4,514.8,bet placed
2019-03-16_1_01,2,12,9999.9,6286.5,687.3,bet placed
2019-03-16_1_01,4,12,9999.9,6381.1,576.5,bet placed
2019-03-16_1_01,5,12,9999.9,6503.3,482.1,bet placed
2019-03-16_1_01,7,12,9999.9,5812.9,432.8,bet placed
2019-03-16_1_01,8,12,9999.9,7444.6,348.9,bet placed
2019-03-16_1_01,9,12,9999.9,7284.8,538.0,bet placed
2019-03-16_1_01,10,12,9999.9,8279.8,769.8,bet placed
2019-03-22_3_01,2,9,9999.9,9999.9,292.7,bet placed
2019-03-22_3_01,9,2,9999.9,9999.9,292.7,bet placed
2019-03-22_3_01,9,6,9999.9,9213.2,415.6,bet placed
2019-03-29_3_01,2,10,9999.9,9999.9,808.8,bet placed
2019-03-29_3_01,10,2,9999.9,9999.9,808.8,bet placed
2019-03-30_1_01,4,8,9999.9,6423.7,266.9,bet placed
2019-03-30_1_01,10,8,9999.9,4923.7,371.1,bet placed
2019-03-30_1_01,11,8,9999.9,3956.3,485.4,bet placed
2019-03-31_1_03,12,3,9999.9,4358.9,564.1,bet placed
2019-04-05_2_02,5,12,9999.9,4836.1,263.4,bet placed
2019-04-05_2_02,9,12,9999.9,8060.2,313.3,bet placed
2019-04-05_3_01,7,3,9999.9,6095.7,287.6,bet placed
2019-04-05_3_04,11,3,9999.9,5473.4,665.9,bet placed
2019-04-07_1_04,3,9,9999.9,6889.9,466.5,bet placed
2019-04-07_1_04,5,11,9999.9,7437.2,421.0,bet placed
2019-04-14_1_04,2,8,9999.9,9479.2,244.9,bet placed
2019-04-14_1_04,2,9,9999.9,8453.3,401.5,bet placed
2019-04-20_1_01,5,11,9999.9,9999.9,1227.7,bet placed
2019-04-20_1_01,11,3,9999.9,4951.9,954.4,bet placed
2019-04-20_1_01,11,5,9999.9,9999.9,1227.7,bet placed
2019-04-20_1_01,11,7,9999.9,4487.2,417.3,bet placed
2019-04-20_1_02,5,11,9999.9,9999.9,437.8,bet placed
2019-04-20_1_02,6,11,9999.9,5985.3,310.9,bet placed
2019-04-20_1_02,10,8,9999.9,5102.9,604.3,bet placed
2019-04-20_1_02,11,5,9999.9,9999.9,437.8,bet placed
2019-04-20_1_02,11,8,9999.9,5934.0,737.5,bet placed
2019-04-20_1_02,12,8,9999.9,3344.4,277.4,bet placed
2019-04-26_3_01,5,11,9999.9,9064.1,381.5,bet placed
2019-04-27_1_03,3,9,9999.9,9999.9,453.9,bet placed
2019-04-27_1_03,9,3,9999.9,9999.9,453.9,bet placed
2019-04-27_1_04,6,12,9999.9,4781.4,268.5,bet placed
2019-04-28_1_01,6,12,9999.9,9999.9,470.9,bet placed
2019-04-28_1_01,12,3,9999.9,7967.7,478.9,bet placed
2019-04-28_1_01,12,6,9999.9,9999.9,470.9,bet placed
2019-04-28_3_06,5,14,9999.9,9508.8,277.8,bet placed
2019-05-03_3_02,1,12,9999.9,8176.2,527.7,bet placed
2019-05-04_1_02,9,7,9999.9,9291.4,346.9,bet placed
2019-05-04_1_02,12,7,9999.9,6760.4,385.2,bet placed
2019-05-12_3_06,4,12,9999.9,4739.6,398.2,bet placed
2019-05-17_3_01,14,3,9999.9,9144.6,963.1,bet placed
2019-06-21_2_07,5,7,9999.9,803.3,17.0,bet placed
2019-06-22_1_10,7,11,9999.9,7209.5,580.3,bet placed
2019-06-22_1_10,13,4,9999.9,7780.7,534.0,bet placed
2019-06-30_1_02,2,8,9999.9,6084.7,490.0,bet placed
2019-08-10_1_03,4,12,9999.9,9999.9,614.8,bet placed
2019-08-10_1_03,6,12,9999.9,9999.9,468.8,bet placed
2019-08-10_1_03,12,4,9999.9,9999.9,614.8,bet placed
2019-08-10_1_03,12,6,9999.9,9999.9,468.8,bet placed
2019-08-18_3_05,2,15,9999.9,3336.1,304.3,bet placed
2019-08-18_3_05,6,14,9999.9,9999.9,473.9,bet placed
2019-08-18_3_05,6,15,9999.9,9999.9,1135.9,bet placed
2019-08-18_3_05,10,15,9999.9,9999.9,893.7,bet placed
2019-08-18_3_05,12,15,9999.9,7043.6,651.4,bet placed
2019-08-18_3_05,14,6,9999.9,9999.9,473.9,bet placed
2019-08-18_3_05,15,6,9999.9,9999.9,1135.9,bet placed
2019-08-18_3_05,15,10,9999.9,9999.9,893.7,bet placed
2019-08-18_3_05,16,6,9999.9,7324.8,341.3,bet placed
2019-08-24_1_08,2,10,9999.9,5441.5,766.6,bet placed
2019-08-24_1_08,7,10,9999.9,9999.9,540.3,bet placed
2019-08-24_1_08,8,10,9999.9,4943.9,378.4,bet placed
2019-08-24_1_08,10,7,9999.9,9999.9,540.3,bet placed
2019-09-01_1_03,5,9,9999.9,9999.9,718.2,bet placed
2019-09-01_1_03,9,5,9999.9,9999.9,718.2,bet placed
2019-09-01_3_01,4,10,9999.9,4103.8,551.0,bet placed
2019-09-01_3_01,4,12,9999.9,5180.3,435.1,bet placed
2019-09-01_3_01,5,12,9999.9,9999.9,702.1,bet placed
2019-09-01_3_01,12,5,9999.9,9999.9,702.1,bet placed
2019-09-08_1_07,11,16,9999.9,5514.9,775.7,bet placed
2019-09-20_3_01,3,12,9999.9,7555.7,808.3,bet placed
2019-09-20_3_01,5,10,9999.9,7830.4,287.1,bet placed
2019-09-20_3_01,12,4,9999.9,7622.6,489.5,bet placed
2019-09-20_3_01,12,7,9999.9,9900.6,448.4,bet placed
2019-09-21_1_02,1,11,9999.9,7681.6,443.3,bet placed
2019-09-21_1_02,2,11,9999.9,9725.0,602.1,bet placed
2019-09-21_1_02,3,11,9999.9,9999.9,474.0,bet placed
2019-09-21_1_02,11,3,9999.9,9999.9,474.0,bet placed
2019-09-29_1_01,3,10,9999.9,2745.0,295.5,bet placed
2019-09-29_1_01,7,10,9999.9,6819.7,385.0,bet placed
2019-09-29_1_01,10,5,9999.9,9403.7,908.6,bet placed
2019-10-05_1_01,6,11,9999.9,9999.9,697.0,bet placed
2019-10-05_1_01,9,2,9999.9,4908.6,263.7,bet placed
2019-10-05_1_01,9,6,9999.9,7318.9,442.9,bet placed
2019-10-05_1_01,11,6,9999.9,9999.9,697.0,bet placed
2019-10-06_1_01,4,11,9999.9,6516.9,902.0,bet placed
2019-10-06_1_01,7,11,9999.9,9999.9,531.6,bet placed
2019-10-06_1_01,11,7,9999.9,9999.9,531.6,bet placed
2019-10-06_1_02,3,11,9999.9,9999.9,1125.2,bet placed
2019-10-06_1_02,6,11,9999.9,9999.9,1019.5,bet placed
2019-10-06_1_02,8,11,9999.9,9999.9,773.0,bet placed
2019-10-06_1_02,11,3,9999.9,9999.9,1125.2,bet placed
2019-10-06_1_02,11,5,9999.9,9250.9,799.5,bet placed
2019-10-06_1_02,11,6,9999.9,9999.9,1019.5,bet placed
2019-10-06_1_02,11,8,9999.9,9999.9,773.0,bet placed
2019-10-06_3_03,9,11,9999.9,7720.4,455.5,bet placed
2019-10-06_3_03,11,8,9999.9,8831.0,316.1,bet placed
2019-10-12_1_09,4,8,9999.9,7717.6,542.8,bet placed
2019-10-12_1_09,5,8,9999.9,6371.3,555.9,bet placed
2019-10-12_1_09,7,8,9999.9,8773.9,311.8,bet placed
2019-10-12_1_11,3,7,9999.9,4584.7,382.9,bet placed
2019-10-18_3_01,4,10,9999.9,9999.9,541.0,bet placed
2019-10-18_3_01,6,10,9999.9,5517.7,580.3,bet placed
2019-10-18_3_01,10,4,9999.9,9999.9,541.0,bet placed
2019-10-18_3_02,6,10,9999.9,5894.8,238.3,bet placed
2019-10-20_3_06,2,9,9999.9,9999.9,657.6,bet placed
2019-10-20_3_06,2,13,9999.9,9620.2,473.9,bet placed
2019-10-20_3_06,8,9,9999.9,8767.3,388.7,bet placed
2019-10-20_3_06,9,2,9999.9,9999.9,657.6,bet placed
2019-10-25_3_01,5,9,9999.9,7132.9,418.3,bet placed
2019-10-25_3_01,6,11,9999.9,9999.9,2148.1,bet placed
2019-10-25_3_01,9,6,9999.9,9010.0,459.2,bet placed
2019-10-25_3_01,9,11,9999.9,9999.9,539.3,bet placed
2019-10-25_3_01,11,6,9999.9,9999.9,2148.1,bet placed
2019-10-25_3_01,11,9,9999.9,9999.9,539.3,bet placed
2019-10-27_1_01,2,12,9999.9,8749.9,493.9,bet placed
2019-11-01_3_01,6,1,9999.9,6728.5,283.8,bet placed
2019-11-02_1_01,1,9,9999.9,9999.9,315.6,bet placed
2019-11-02_1_01,1,10,9999.9,9999.9,1260.3,bet placed
2019-11-02_1_01,1,11,9999.9,9999.9,271.6,bet placed
2019-11-02_1_01,1,12,9999.9,9999.9,658.8,bet placed
2019-11-02_1_01,2,10,9999.9,9999.9,1428.9,bet placed
2019-11-02_1_01,2,12,9999.9,9999.9,388.7,bet placed
2019-11-02_1_01,3,10,9999.9,7802.6,918.1,bet placed
2019-11-02_1_01,6,1,9999.9,3676.8,322.1,bet placed
2019-11-02_1_01,6,10,9999.9,4429.2,194.9,bet placed
2019-11-02_1_01,7,10,9999.9,2917.5,288.2,bet placed
2019-11-02_1_01,8,1,9999.9,3414.9,95.2,bet placed
2019-11-02_1_01,8,10,9999.9,3958.8,293.6,bet placed
2019-11-02_1_01,9,1,9999.9,9999.9,315.6,bet placed
2019-11-02_1_01,9,2,9999.9,7063.4,247.1,bet placed
2019-11-02_1_01,9,10,9999.9,9999.9,398.6,bet placed
2019-11-02_1_01,10,1,9999.9,9999.9,1260.3,bet placed
2019-11-02_1_01,10,2,9999.9,9999.9,1428.9,bet placed
2019-11-02_1_01,10,5,9999.9,7712.9,406.6,bet placed
2019-11-02_1_01,10,9,9999.9,9999.9,398.6,bet placed
2019-11-02_1_01,10,12,9999.9,9999.9,609.3,bet placed
2019-11-02_1_01,11,1,9999.9,9999.9,271.6,bet placed
2019-11-02_1_01,12,1,9999.9,9999.9,658.8,bet placed
2019-11-02_1_01,12,2,9999.9,9999.9,388.7,bet placed
2019-11-02_1_01,12,10,9999.9,9999.9,609.3,bet placed
2019-11-03_1_01,1,9,9999.9,4020.4,292.1,bet placed
2019-11-03_1_01,9,3,9999.9,9624.2,377.3,bet placed
2019-11-08_3_01,6,8,9999.9,5956.8,523.4,bet placed
2019-11-08_3_01,6,10,9999.9,7017.0,991.0,bet placed
2019-11-09_1_01,5,8,9999.9,9678.4,603.8,bet placed
2019-11-09_1_01,6,12,9999.9,9999.9,453.2,bet placed
2019-11-09_1_01,8,6,9999.9,7789.9,413.9,bet placed
2019-11-09_1_01,8,12,9999.9,9999.9,1538.7,bet placed
2019-11-09_1_01,11,8,9999.9,5130.7,394.2,bet placed
2019-11-09_1_01,12,5,9999.9,9060.6,377.8,bet placed
2019-11-09_1_01,12,6,9999.9,9999.9,453.2,bet placed
2019-11-09_1_01,12,8,9999.9,9999.9,1538.7,bet placed
2019-11-10_1_09,3,15,9999.9,5281.2,567.5,bet placed
2019-11-10_1_09,4,15,9999.9,5606.8,527.8,bet placed
2019-11-10_1_09,4,16,9999.9,5937.1,457.6,bet placed
2019-11-10_1_09,5,15,9999.9,5045.4,230.9,bet placed
2019-11-10_1_09,8,15,9999.9,5380.3,481.1,bet placed
2019-11-10_1_09,9,15,9999.9,8877.4,708.8,bet placed
2019-11-10_1_09,11,15,9999.9,6541.3,912.2,bet placed
2019-11-10_1_09,11,16,9999.9,9999.9,778.9,bet placed
2019-11-10_1_09,12,15,9999.9,9786.1,841.6,bet placed
2019-11-10_1_09,12,16,9999.9,9999.9,588.4,bet placed
2019-11-10_1_09,16,11,9999.9,9999.9,778.9,bet placed
2019-11-10_1_09,16,12,9999.9,9999.9,588.4,bet placed
2019-11-10_1_09,16,15,9999.9,9229.0,756.1,bet placed
2019-11-10_3_06,1,9,9999.9,8611.7,600.7,bet placed
2019-11-10_3_06,4,9,9999.9,9999.9,508.9,bet placed
2019-11-10_3_06,8,4,9999.9,9197.2,597.4,bet placed
2019-11-10_3_06,8,9,9999.9,7913.0,543.7,bet placed
2019-11-10_3_06,9,4,9999.9,9999.9,508.9,bet placed
2019-11-15_3_01,4,7,9999.9,9999.9,646.1,bet placed
2019-11-15_3_01,7,4,9999.9,9999.9,646.1,bet placed
2019-11-15_3_03,2,11,9999.9,9999.9,414.8,bet placed
2019-11-15_3_03,11,2,9999.9,9999.9,414.8,bet placed
2019-11-15_3_04,1,9,9999.9,9999.9,297.9,bet placed
2019-11-15_3_04,9,1,9999.9,9999.9,297.9,bet placed
2019-11-16_1_04,3,11,9999.9,6921.5,244.9,bet placed
2019-11-16_1_04,4,11,9999.9,9747.6,496.7,bet placed
2019-11-16_1_04,5,11,9999.9,9999.9,409.9,bet placed
2019-11-16_1_04,11,5,9999.9,9999.9,409.9,bet placed
2019-11-16_1_05,2,8,9999.9,9004.0,570.0,bet placed
2019-11-16_1_05,2,10,9999.9,7188.9,386.2,bet placed
2019-11-17_1_02,4,8,9999.9,7925.0,691.0,bet placed
2019-11-17_1_02,5,8,9999.9,9999.9,1029.3,bet placed
2019-11-17_1_02,8,5,9999.9,9999.9,1029.3,bet placed
2019-11-17_1_02,8,11,9999.9,9576.0,744.7,bet placed
2019-11-17_1_02,11,4,9999.9,7327.8,237.8,bet placed
2019-11-17_1_03,6,11,9999.9,9999.9,480.8,bet placed
2019-11-17_1_03,11,6,9999.9,9999.9,480.8,bet placed
2019-11-17_3_06,1,8,9999.9,9225.8,803.1,bet placed
2019-11-17_3_06,1,9,9999.9,9999.9,623.0,bet placed
2019-11-17_3_06,2,12,9999.9,8919.1,332.1,bet placed
2019-11-17_3_06,3,9,9999.9,9999.9,652.0,bet placed
2019-11-17_3_06,3,12,9999.9,9999.9,773.5,bet placed
2019-11-17_3_06,6,12,9999.9,3211.2,463.8,bet placed
2019-11-17_3_06,7,12,9999.9,9999.9,800.3,bet placed
2019-11-17_3_06,8,12,9999.9,9999.9,868.1,bet placed
2019-11-17_3_06,9,1,9999.9,9999.9,623.0,bet placed
2019-11-17_3_06,9,3,9999.9,9999.9,652.0,bet placed
2019-11-17_3_06,9,12,9999.9,9999.9,964.4,bet placed
2019-11-17_3_06,12,3,9999.9,9999.9,773.5,bet placed
2019-11-17_3_06,12,7,9999.9,9999.9,800.3,bet placed
2019-11-17_3_06,12,8,9999.9,9999.9,868.1,bet placed
2019-11-17_3_06,12,9,9999.9,9999.9,964.4,bet placed
2019-11-17_3_06,15,8,9999.9,4505.6,544.9,bet placed
2019-11-22_2_01,8,5,9999.9,2819.5,100.2,bet placed
2019-11-22_3_04,5,10,9999.9,9999.9,360.1,bet placed
2019-11-22_3_04,10,5,9999.9,9999.9,360.1,bet placed
2019-11-22_3_07,3,10,9999.9,7320.3,495.2,bet placed
2019-11-22_3_07,7,10,9999.9,3660.1,439.5,bet placed
2019-11-23_1_02,2,9,9999.9,6957.9,385.7,bet placed
2019-11-24_1_02,11,6,9999.9,9447.5,468.0,bet placed
2019-11-24_1_02,12,5,9999.9,8162.2,480.9,bet placed
2019-11-24_1_02,12,8,9999.9,6875.9,657.8,bet placed
2019-11-24_1_04,2,7,9999.9,9999.9,261.0,bet placed
2019-11-24_1_04,2,10,9999.9,9668.9,329.2,bet placed
2019-11-24_1_04,6,7,9999.9,8896.4,410.6,bet placed
2019-11-24_1_04,7,2,9999.9,9999.9,261.0,bet placed
2019-11-24_1_04,7,9,9999.9,8921.0,309.1,bet placed
2019-11-24_1_04,7,10,9999.9,9999.9,490.5,bet placed
2019-11-24_1_04,10,7,9999.9,9999.9,490.5,bet placed
2019-11-24_1_04,12,7,9999.9,6433.1,306.8,bet placed
2019-11-24_1_06,11,8,9999.9,8545.7,426.6,bet placed
2019-11-24_1_07,1,12,9999.9,7437.6,773.5,bet placed
2019-11-24_1_07,2,12,9999.9,2524.1,142.8,bet placed
2019-11-24_1_07,7,12,9999.9,7451.8,531.0,bet placed
2019-11-24_1_07,9,12,9999.9,9835.7,494.8,bet placed
2019-11-24_1_07,10,12,9999.9,6464.8,285.4,bet placed
2019-11-24_1_07,12,3,9999.9,8935.4,333.3,bet placed
2019-11-24_3_06,6,13,9999.9,6239.2,398.4,bet placed
2019-11-30_1_02,5,10,9999.9,5984.0,296.6,bet placed
2019-12-01_1_01,1,10,9999.9,8472.3,463.8,bet placed
2019-12-01_1_01,3,4,9999.9,9999.9,301.1,bet placed
2019-12-01_1_01,3,7,9999.9,7956.4,445.8,bet placed
2019-12-01_1_01,3,10,9999.9,9929.6,460.6,bet placed
2019-12-01_1_01,4,3,9999.9,9999.9,301.1,bet placed
2019-12-01_1_01,4,7,9999.9,9999.9,606.5,bet placed
2019-12-01_1_01,4,10,9999.9,9999.9,472.3,bet placed
2019-12-01_1_01,7,4,9999.9,9999.9,606.5,bet placed
2019-12-01_1_01,10,4,9999.9,9999.9,472.3,bet placed
2019-12-01_1_03,1,6,9999.9,8547.2,307.5,bet placed
2019-12-01_1_03,1,11,9999.9,9999.9,578.4,bet placed
2019-12-01_1_03,1,12,9999.9,9999.9,594.4,bet placed
2019-12-01_1_03,4,6,9999.9,9999.9,333.1,bet placed
2019-12-01_1_03,4,11,9999.9,9999.9,1211.7,bet placed
2019-12-01_1_03,4,12,9999.9,9999.9,797.5,bet placed
2019-12-01_1_03,5,6,9999.9,9351.6,333.6,bet placed
2019-12-01_1_03,5,11,9999.9,9999.9,671.6,bet placed
2019-12-01_1_03,5,12,9999.9,9999.9,823.3,bet placed
2019-12-01_1_03,6,4,9999.9,9999.9,333.1,bet placed
2019-12-01_1_03,6,11,9999.9,9999.9,590.1,bet placed
2019-12-01_1_03,11,1,9999.9,9999.9,578.4,bet placed
2019-12-01_1_03,11,4,9999.9,9999.9,1211.7,bet placed
2019-12-01_1_03,11,5,9999.9,9999.9,671.6,bet placed
2019-12-01_1_03,11,6,9999.9,9999.9,590.1,bet placed
2019-12-01_1_03,11,12,9999.9,9999.9,586.7,bet placed
2019-12-01_1_03,12,1,9999.9,9999.9,594.4,bet placed
2019-12-01_1_03,12,4,9999.9,9999.9,797.5,bet placed
2019-12-01_1_03,12,5,9999.9,9999.9,823.3,bet placed
2019-12-01_1_03,12,11,9999.9,9999.9,586.7,bet placed
2019-12-06_3_06,4,9,9999.9,7236.9,297.5,bet placed
2019-12-07_1_01,1,7,9999.9,5833.0,373.3,bet placed
2019-12-07_1_01,1,9,9999.9,7522.4,599.0,bet placed
2019-12-07_1_01,3,4,9999.9,9999.9,385.0,bet placed
2019-12-07_1_01,3,8,9999.9,9999.9,623.0,bet placed
2019-12-07_1_01,3,9,9999.9,9999.9,878.6,bet placed
2019-12-07_1_01,4,3,9999.9,9999.9,385.0,bet placed
2019-12-07_1_01,4,7,9999.9,9999.9,629.9,bet placed
2019-12-07_1_01,4,8,9999.9,9999.9,287.0,bet placed
2019-12-07_1_01,4,9,9999.9,9999.9,453.2,bet placed
2019-12-07_1_01,7,4,9999.9,9999.9,629.9,bet placed
2019-12-07_1_01,7,8,9999.9,9999.9,249.4,bet placed
2019-12-07_1_01,7,9,9999.9,9999.9,300.0,bet placed
2019-12-07_1_01,8,3,9999.9,9999.9,623.0,bet placed
2019-12-07_1_01,8,4,9999.9,9999.9,287.0,bet placed
2019-12-07_1_01,8,7,9999.9,9999.9,249.4,bet placed
2019-12-07_1_01,9,3,9999.9,9999.9,878.6,bet placed
2019-12-07_1_01,9,4,9999.9,9999.9,453.2,bet placed
2019-12-07_1_01,9,7,9999.9,9999.9,300.0,bet placed
2019-12-07_1_01,11,3,9999.9,6037.7,187.4,bet placed
2019-12-07_1_01,11,4,9999.9,5882.9,237.6,bet placed
2019-12-07_1_02,3,8,9999.9,9999.9,468.3,bet placed
2019-12-07_1_02,3,11,9999.9,9999.9,794.3,bet placed
2019-12-07_1_02,5,11,9999.9,9999.9,580.1,bet placed
2019-12-07_1_02,7,11,9999.9,9999.9,613.8,bet placed
2019-12-07_1_02,8,3,9999.9,9999.9,468.3,bet placed
2019-12-07_1_02,11,3,9999.9,9999.9,794.3,bet placed
2019-12-07_1_02,11,5,9999.9,9999.9,580.1,bet placed
2019-12-07_1_02,11,7,9999.9,9999.9,613.8,bet placed
2019-12-07_1_08,1,6,9999.9,7818.0,340.4,bet placed
2019-12-07_1_08,1,8,9999.9,2760.1,748.9,bet placed
2019-12-08_1_01,7,12,9999.9,9999.9,669.7,bet placed
2019-12-08_1_01,12,7,9999.9,9999.9,669.7,bet placed
2019-12-08_1_03,2,7,9999.9,6605.3,505.1,bet placed
2019-12-08_1_03,3,7,9999.9,9999.9,256.7,bet placed
2019-12-08_1_03,7,3,9999.9,9999.9,256.7,bet placed
2019-12-08_1_03,7,9,9999.9,9999.9,388.1,bet placed
2019-12-08_1_03,9,7,9999.9,9999.9,388.1,bet placed
2019-12-08_1_03,11,7,9999.9,6301.1,253.9,bet placed
2019-12-08_1_04,5,12,9999.9,5316.2,340.8,bet placed
2019-12-08_1_04,7,12,9999.9,9999.9,774.8,bet placed
2019-12-08_1_04,12,7,9999.9,9999.9,774.8,bet placed
2019-12-08_1_05,3,12,9999.9,7102.2,474.4,bet placed
2019-12-13_3_01,11,7,9999.9,7964.9,191.9,bet placed
2019-12-13_3_01,12,7,9999.9,8621.8,299.2,bet placed
2019-12-13_3_01,12,8,9999.9,6016.7,301.4,bet placed
2019-12-13_3_03,4,11,9999.9,6490.1,283.6,bet placed
2019-12-13_3_03,5,1,9999.9,8630.1,366.7,bet placed
2019-12-13_3_03,5,10,9999.9,9999.9,352.8,bet placed
2019-12-13_3_03,5,11,9999.9,9999.9,752.2,bet placed
2019-12-13_3_03,7,5,9999.9,7064.5,293.8,bet placed
2019-12-13_3_03,9,5,9999.9,6070.6,350.4,bet placed
2019-12-13_3_03,10,5,9999.9,9999.9,352.8,bet placed
2019-12-13_3_03,11,5,9999.9,9999.9,752.2,bet placed
2019-12-13_3_03,11,6,9999.9,8403.0,364.1,bet placed
2019-12-13_3_04,3,10,9999.9,5630.8,303.0,bet placed
2019-12-13_3_04,8,10,9999.9,4407.9,253.4,bet placed
2019-12-14_1_01,1,8,9999.9,3802.6,381.5,bet placed
2019-12-14_1_01,2,8,9999.9,7746.7,681.1,bet placed
2019-12-14_1_01,4,10,9999.9,9999.9,645.4,bet placed
2019-12-14_1_01,5,8,9999.9,3027.8,320.1,bet placed
2019-12-14_1_01,7,4,9999.9,6650.2,276.9,bet placed
2019-12-14_1_01,7,8,9999.9,9999.9,498.3,bet placed
2019-12-14_1_01,8,4,9999.9,5896.3,556.1,bet placed
2019-12-14_1_01,8,7,9999.9,9999.9,498.3,bet placed
2019-12-14_1_01,8,10,9999.9,9999.9,542.3,bet placed
2019-12-14_1_01,9,4,9999.9,5276.8,318.5,bet placed
2019-12-14_1_01,10,4,9999.9,9999.9,645.4,bet placed
2019-12-14_1_01,10,8,9999.9,9999.9,542.3,bet placed
2019-12-14_1_01,10,11,9999.9,9840.4,254.3,bet placed
2019-12-14_1_01,12,8,9999.9,5644.9,239.5,bet placed
2019-12-14_1_02,1,9,9999.9,9999.9,413.5,bet placed
2019-12-14_1_02,9,1,9999.9,9999.9,413.5,bet placed
2019-12-14_1_02,12,1,9999.9,4409.3,352.5,bet placed
2019-12-15_1_01,4,9,9999.9,6796.2,573.9,bet placed
2019-12-15_1_01,4,10,9999.9,7587.6,463.0,bet placed
2019-12-15_1_01,4,11,9999.9,9999.9,586.2,bet placed
2019-12-15_1_01,4,12,9999.9,9999.9,677.2,bet placed
2019-12-15_1_01,7,9,9999.9,7434.8,471.9,bet placed
2019-12-15_1_01,8,9,9999.9,9999.9,310.2,bet placed
2019-12-15_1_01,8,10,9999.9,9999.9,333.5,bet placed
2019-12-15_1_01,8,11,9999.9,9999.9,334.0,bet placed
2019-12-15_1_01,9,8,9999.9,9999.9,310.2,bet placed
2019-12-15_1_01,9,11,9999.9,9999.9,712.7,bet placed
2019-12-15_1_01,9,12,9999.9,9999.9,569.8,bet placed
2019-12-15_1_01,10,8,9999.9,9999.9,333.5,bet placed
2019-12-15_1_01,10,11,9999.9,9999.9,228.0,bet placed
2019-12-15_1_01,11,4,9999.9,9999.9,586.2,bet placed
2019-12-15_1_01,11,8,9999.9,9999.9,334.0,bet placed
2019-12-15_1_01,11,9,9999.9,9999.9,712.7,bet placed
2019-12-15_1_01,11,10,9999.9,9999.9,228.0,bet placed
2019-12-15_1_01,12,4,9999.9,9999.9,677.2,bet placed
2019-12-15_1_01,12,9,9999.9,9999.9,569.8,bet placed
2019-12-15_1_01,12,10,9999.9,9675.0,246.4,bet placed
2019-12-15_1_03,2,5,9999.9,9999.9,475.0,bet placed
2019-12-15_1_03,2,6,9999.9,9999.9,563.8,bet placed
2019-12-15_1_03,2,10,9999.9,9999.9,499.6,bet placed
2019-12-15_1_03,2,12,9999.9,9999.9,582.9,bet placed
2019-12-15_1_03,5,2,9999.9,9999.9,475.0,bet placed
2019-12-15_1_03,5,6,9999.9,9999.9,455.0,bet placed
2019-12-15_1_03,5,10,9999.9,9999.9,623.4,bet placed
2019-12-15_1_03,6,2,9999.9,9999.9,563.8,bet placed
2019-12-15_1_03,6,5,9999.9,9999.9,455.0,bet placed
2019-12-15_1_03,6,10,9999.9,9999.9,608.3,bet placed
2019-12-15_1_03,6,12,9999.9,9999.9,665.2,bet placed
2019-12-15_1_03,7,6,9999.9,4223.1,184.3,bet placed
2019-12-15_1_03,7,10,9999.9,5312.3,231.8,bet placed
2019-12-15_1_03,7,12,9999.9,4751.0,152.5,bet placed
2019-12-15_1_03,10,2,9999.9,9999.9,499.6,bet placed
2019-12-15_1_03,10,5,9999.9,9999.9,623.4,bet placed
2019-12-15_1_03,10,6,9999.9,9999.9,608.3,bet placed
2019-12-15_1_03,12,2,9999.9,9999.9,582.9,bet placed
2019-12-15_1_03,12,5,9999.9,9335.3,594.9,bet placed
2019-12-15_1_03,12,6,9999.9,9999.9,665.2,bet placed
2019-12-21_1_01,6,10,9999.9,9999.9,965.5,bet placed
2019-12-21_1_01,6,11,9999.9,9999.9,314.9,bet placed
2019-12-21_1_01,10,6,9999.9,9999.9,965.5,bet placed
2019-12-21_1_01,11,6,9999.9,9999.9,314.9,bet placed
2019-12-21_1_02,1,12,9999.9,9999.9,710.4,bet placed
2019-12-21_1_02,3,12,9999.9,9646.3,540.4,bet placed
2019-12-21_1_02,5,12,9999.9,9999.9,1100.2,bet placed
2019-12-21_1_02,7,12,9999.9,5997.4,226.1,bet placed
2019-12-21_1_02,11,5,9999.9,5409.8,412.6,bet placed
2019-12-21_1_02,12,1,9999.9,9999.9,710.4,bet placed
2019-12-21_1_02,12,5,9999.9,9999.9,1100.2,bet placed
2019-12-22_1_02,3,6,9999.9,9999.9,421.0,bet placed
2019-12-22_1_02,3,12,9999.9,9999.9,654.8,bet placed
2019-12-22_1_02,6,3,9999.9,9999.9,421.0,bet placed
2019-12-22_1_02,9,3,9999.9,9326.5,461.3,bet placed
2019-12-22_1_02,12,3,9999.9,9999.9,654.8,bet placed
2019-12-22_1_03,1,6,9999.9,9999.9,560.7,bet placed
2019-12-22_1_03,1,9,9999.9,9080.9,493.3,bet placed
2019-12-22_1_03,2,9,9999.9,9997.6,704.4,bet placed
2019-12-22_1_03,6,1,9999.9,9999.9,560.7,bet placed
2019-12-22_1_06,2,11,9999.9,5941.1,320.8,bet placed
2019-12-22_1_06,7,12,9999.9,4998.3,263.5,bet placed
2019-12-22_1_06,9,11,9999.9,6308.6,406.1,bet placed
2019-12-22_1_06,9,12,9999.9,7223.5,296.7,bet placed
2019-12-22_1_09,6,10,9999.9,9999.9,614.3,bet placed
2019-12-22_1_09,6,11,9999.9,9999.9,400.6,bet placed
2019-12-22_1_09,6,12,9999.9,9999.9,1014.4,bet placed
2019-12-22_1_09,8,6,9999.9,9249.3,411.8,bet placed
2019-12-22_1_09,8,12,9999.9,9999.9,615.8,bet placed
2019-12-22_1_09,10,6,9999.9,9999.9,614.3,bet placed
2019-12-22_1_09,11,6,9999.9,9999.9,400.6,bet placed
2019-12-22_1_09,12,6,9999.9,9999.9,1014.4,bet placed
2019-12-22_1_09,12,8,9999.9,9999.9,615.8,bet placed
2022-01-21_3_01,13,6,9999.9,9219.4,1543.5,bet placed
2022-01-22_1_01,1,8,9999.9,6412.5,228.9,bet placed
2022-01-22_1_01,4,8,9999.9,9999.9,494.5,bet placed
2022-01-22_1_01,6,8,9999.9,7158.2,214.9,bet placed
2022-01-22_1_01,8,4,9999.9,9999.9,494.5,bet placed
2022-01-23_1_02,6,13,9999.9,6160.1,664.7,bet placed
2022-02-11_3_06,5,13,9999.9,5722.3,579.3,bet placed
2022-02-11_3_06,13,2,9999.9,4474.4,552.0,bet placed
2022-02-12_1_01,1,14,9999.9,9968.9,3107.2,bet placed
2022-02-12_1_01,5,14,9999.9,9999.9,1513.1,bet placed
2022-02-12_1_01,7,14,9999.9,6252.7,820.8,bet placed
2022-02-12_1_01,8,14,9999.9,2871.5,205.2,bet placed
2022-02-12_1_01,14,5,9999.9,9999.9,1513.1,bet placed
2022-02-12_1_02,2,11,9999.9,9999.9,524.0,bet placed
2022-02-12_1_02,2,14,9999.9,9999.9,1166.2,bet placed
2022-02-12_1_02,4,14,9999.9,6092.7,944.1,bet placed
2022-02-12_1_02,7,14,9999.9,7937.9,1486.9,bet placed
2022-02-12_1_02,8,11,9999.9,4857.1,619.6,bet placed
2022-02-12_1_02,9,11,9999.9,6521.8,540.7,bet placed
2022-02-12_1_02,11,2,9999.9,9999.9,524.0,bet placed
2022-02-12_1_02,11,14,9999.9,9852.0,963.2,bet placed
2022-02-12_1_02,14,2,9999.9,9999.9,1166.2,bet placed
2022-02-12_1_02,14,10,9999.9,7983.5,650.0,bet placed
2022-02-13_1_01,1,4,9999.9,5815.3,276.5,bet placed
2022-02-13_1_01,1,11,9999.9,9999.9,433.1,bet placed
2022-02-13_1_01,1,14,9999.9,9999.9,362.3,bet placed
2022-02-13_1_01,3,11,9999.9,9999.9,812.3,bet placed
2022-02-13_1_01,4,11,9999.9,9999.9,802.4,bet placed
2022-02-13_1_01,4,14,9999.9,9999.9,612.6,bet placed
2022-02-13_1_01,11,1,9999.9,9999.9,433.1,bet placed
2022-02-13_1_01,11,3,9999.9,9999.9,812.3,bet placed
2022-02-13_1_01,11,4,9999.9,9999.9,802.4,bet placed
2022-02-13_1_01,11,14,9999.9,9999.9,413.2,bet placed
2022-02-13_1_01,13,11,9999.9,5561.6,419.2,bet placed
2022-02-13_1_01,14,1,9999.9,9999.9,362.3,bet placed
2022-02-13_1_01,14,4,9999.9,9999.9,612.6,bet placed
2022-02-13_1_01,14,11,9999.9,9999.9,413.2,bet placed
2022-02-13_1_02,2,9,9999.9,9999.9,576.6,bet placed
2022-02-13_1_02,2,13,9999.9,7397.8,951.6,bet placed
2022-02-13_1_02,7,2,9999.9,8215.8,537.9,bet placed
2022-02-13_1_02,7,9,9999.9,9999.9,435.4,bet placed
2022-02-13_1_02,7,13,9999.9,9999.9,614.3,bet placed
2022-02-13_1_02,8,13,9999.9,5892.7,628.5,bet placed
2022-02-13_1_02,9,2,9999.9,9999.9,576.6,bet placed
2022-02-13_1_02,9,7,9999.9,9999.9,435.4,bet placed
2022-02-13_1_02,9,13,9999.9,9999.9,802.8,bet placed
2022-02-13_1_02,13,7,9999.9,9999.9,614.3,bet placed
2022-02-13_1_02,13,9,9999.9,9999.9,802.8,bet placed
2022-02-13_1_11,8,13,9999.9,5355.3,475.1,bet placed
2022-02-13_3_03,7,11,9999.9,7445.4,962.8,bet placed
2022-02-13_3_03,14,5,9999.9,9070.8,632.3,bet placed
2022-02-18_3_01,1,11,9999.9,4385.1,657.9,bet placed
2022-02-18_3_01,5,11,9999.9,8128.5,1020.0,bet placed
2022-02-18_3_01,5,12,9999.9,9999.9,921.8,bet placed
2022-02-18_3_01,6,12,9999.9,2590.2,824.8,bet placed
2022-02-18_3_01,7,12,9999.9,2236.7,897.8,bet placed
2022-02-18_3_01,8,14,9999.9,9999.9,324.0,bet placed
2022-02-18_3_01,10,12,9999.9,4031.5,387.4,bet placed
2022-02-18_3_01,11,14,9999.9,9999.9,1759.0,bet placed
2022-02-18_3_01,12,5,9999.9,9999.9,921.8,bet placed
2022-02-18_3_01,12,14,9999.9,9999.9,1231.3,bet placed
2022-02-18_3_01,14,8,9999.9,9999.9,324.0,bet placed
2022-02-18_3_01,14,11,9999.9,9999.9,1759.0,bet placed
2022-02-18_3_01,14,12,9999.9,9999.9,1231.3,bet placed
2022-02-18_3_06,7,12,9999.9,4918.6,795.8,bet placed
2022-02-18_3_06,9,12,9999.9,5572.1,335.6,bet placed
2022-02-18_3_06,10,12,9999.9,4646.1,287.1,bet placed
2022-02-19_1_01,1,10,9999.9,9999.9,544.7,bet placed
2022-02-19_1_01,10,1,9999.9,9999.9,544.7,bet placed
2022-02-19_1_01,10,13,9999.9,9999.9,766.3,bet placed
2022-02-19_1_01,13,1,9999.9,9078.5,1060.7,bet placed
2022-02-19_1_01,13,7,9999.9,5274.2,433.4,bet placed
2022-02-19_1_01,13,10,9999.9,9999.9,766.3,bet placed
2022-02-19_1_02,2,11,9999.9,9999.9,587.7,bet placed
2022-02-19_1_02,5,11,9999.9,9999.9,378.8,bet placed
2022-02-19_1_02,11,2,9999.9,9999.9,587.7,bet placed
2022-02-19_1_02,11,5,9999.9,9999.9,378.8,bet placed
2022-02-20_1_01,1,7,9999.9,9999.9,517.4,bet placed
2022-02-20_1_01,1,13,9999.9,9999.9,783.1,bet placed
2022-02-20_1_01,5,13,9999.9,9999.9,963.1,bet placed
2022-02-20_1_01,6,9,9999.9,8445.8,764.9,bet placed
2022-02-20_1_01,7,1,9999.9,9999.9,517.4,bet placed
2022-02-20_1_01,7,13,9999.9,9999.9,1403.7,bet placed
2022-02-20_1_01,9,13,9999.9,9999.9,1759.3,bet placed
2022-02-20_1_01,12,6,9999.9,6859.7,550.9,bet placed
2022-02-20_1_01,13,1,9999.9,9999.9,783.1,bet placed
2022-02-20_1_01,13,5,9999.9,9999.9,963.1,bet placed
2022-02-20_1_01,13,6,9999.9,6827.7,1759.3,bet placed
2022-02-20_1_01,13,7,9999.9,9999.9,1403.7,bet placed
2022-02-20_1_01,13,9,9999.9,9999.9,1759.3,bet placed
2022-02-20_1_01,14,6,9999.9,6859.7,832.5,bet placed
2022-02-20_1_02,2,7,9999.9,9999.9,475.3,bet placed
2022-02-20_1_02,2,8,9999.9,9999.9,601.1,bet placed
2022-02-20_1_02,2,10,9999.9,5734.2,1101.3,bet placed
2022-02-20_1_02,2,14,9999.9,9999.9,1521.4,bet placed
2022-02-20_1_02,3,10,9999.9,7855.0,330.5,bet placed
2022-02-20_1_02,4,8,9999.9,8516.1,520.6,bet placed
2022-02-20_1_02,4,10,9999.9,9999.9,1726.1,bet placed
2022-02-20_1_02,4,14,9999.9,9999.9,628.0,bet placed
2022-02-20_1_02,5,10,9999.9,5792.1,681.7,bet placed
2022-02-20_1_02,5,14,9999.9,2343.7,266.2,bet placed
2022-02-20_1_02,6,10,9999.9,3707.4,845.7,bet placed
2022-02-20_1_02,7,2,9999.9,9999.9,475.3,bet placed
2022-02-20_1_02,7,10,9999.9,9999.9,1101.3,bet placed
2022-02-20_1_02,7,14,9999.9,9999.9,475.3,bet placed
2022-02-20_1_02,8,2,9999.9,9999.9,601.1,bet placed
2022-02-20_1_02,8,10,9999.9,9999.9,573.1,bet placed
2022-02-20_1_02,8,14,9999.9,9999.9,561.1,bet placed
2022-02-20_1_02,9,10,9999.9,4300.6,345.6,bet placed
2022-02-20_1_02,10,4,9999.9,9999.9,1726.1,bet placed
2022-02-20_1_02,10,7,9999.9,9999.9,1101.3,bet placed
2022-02-20_1_02,10,8,9999.9,9999.9,573.1,bet placed
2022-02-20_1_02,10,14,9999.9,9999.9,1007.4,bet placed
2022-02-20_1_02,13,10,9999.9,3270.4,362.2,bet placed
2022-02-20_1_02,14,2,9999.9,9999.9,1521.4,bet placed
2022-02-20_1_02,14,4,9999.9,9999.9,628.0,bet placed
2022-02-20_1_02,14,7,9999.9,9999.9,475.3,bet placed
2022-02-20_1_02,14,8,9999.9,9999.9,561.1,bet placed
2022-02-20_1_02,14,10,9999.9,9999.9,1007.4,bet placed
2022-02-20_1_03,5,13,9999.9,5929.9,617.1,bet placed
2022-02-20_1_03,9,13,9999.9,9999.9,658.0,bet placed
2022-02-20_1_03,10,13,9999.9,9999.9,601.3,bet placed
2022-02-20_1_03,11,13,9999.9,6742.2,539.8,bet placed
2022-02-20_1_03,13,9,9999.9,9999.9,658.0,bet placed
2022-02-20_1_03,13,10,9999.9,9999.9,601.3,bet placed
2022-02-20_1_09,4,13,9999.9,9999.9,649.1,bet placed
2022-02-20_1_09,8,13,9999.9,9500.3,805.0,bet placed
2022-02-20_1_09,10,4,9999.9,8873.9,882.7,bet placed
2022-02-20_1_09,13,4,9999.9,9999.9,649.1,bet placed
2022-02-20_1_10,1,13,9999.9,3283.9,289.9,bet placed
2022-02-20_1_10,6,13,9999.9,7601.6,571.6,bet placed
2022-02-20_1_10,11,13,9999.9,6399.5,407.0,bet placed
2022-02-20_1_11,6,1,9999.9,5903.5,438.3,bet placed
2022-02-20_1_11,6,2,9999.9,6065.7,318.9,bet placed
2022-02-20_1_11,10,1,9999.9,5621.4,268.6,bet placed
2022-02-20_1_11,12,1,9999.9,8960.1,502.5,bet placed
2022-02-20_3_01,3,7,9999.9,5782.5,571.8,bet placed
2022-02-20_3_01,5,7,9999.9,6623.6,835.4,bet placed
2022-02-20_3_01,5,13,9999.9,9381.0,678.3,bet placed
2022-02-20_3_01,5,14,9999.9,9999.9,901.4,bet placed
2022-02-20_3_01,7,9,9999.9,9999.9,439.7,bet placed
2022-02-20_3_01,7,11,9999.9,9999.9,1470.0,bet placed
2022-02-20_3_01,7,12,9999.9,9999.9,1327.6,bet placed
2022-02-20_3_01,7,13,9999.9,9999.9,1073.7,bet placed
2022-02-20_3_01,7,14,9999.9,9999.9,1073.7,bet placed
2022-02-20_3_01,9,7,9999.9,9999.9,439.7,bet placed
2022-02-20_3_01,10,7,9999.9,4650.6,369.5,bet placed
2022-02-20_3_01,11,7,9999.9,9999.9,1470.0,bet placed
2022-02-20_3_01,11,14,9999.9,8035.9,736.6,bet placed
2022-02-20_3_01,12,7,9999.9,9999.9,1327.6,bet placed
2022-02-20_3_01,12,14,9999.9,9999.9,679.6,bet placed
2022-02-20_3_01,13,7,9999.9,9999.9,1073.7,bet placed
2022-02-20_3_01,14,5,9999.9,9999.9,901.4,bet placed
2022-02-20_3_01,14,7,9999.9,9999.9,1073.7,bet placed
2022-02-20_3_01,14,12,9999.9,9999.9,679.6,bet placed
2022-02-20_3_05,13,4,9999.9,7605.8,796.6,bet placed
2022-02-26_1_01,1,12,9999.9,5131.6,885.1,bet placed
2022-02-26_1_01,5,12,9999.9,9999.9,820.0,bet placed
2022-02-26_1_01,7,12,9999.9,5066.6,708.1,bet placed
2022-02-26_1_01,10,12,9999.9,9999.9,790.9,bet placed
2022-02-26_1_01,12,5,9999.9,9999.9,820.0,bet placed
2022-02-26_1_01,12,10,9999.9,9999.9,790.9,bet placed
2022-02-26_1_09,11,6,9999.9,7568.2,520.7,bet placed
2022-02-27_1_01,1,11,9999.9,6177.6,487.0,bet placed
2022-02-27_1_01,2,14,9999.9,9999.9,1894.1,bet placed
2022-02-27_1_01,4,11,9999.9,9650.2,1145.4,bet placed
2022-02-27_1_01,7,11,9999.9,7656.7,830.3,bet placed
2022-02-27_1_01,8,11,9999.9,4419.7,501.4,bet placed
2022-02-27_1_01,11,2,9999.9,2544.3,908.4,bet placed
2022-02-27_1_01,14,2,9999.9,9999.9,1894.1,bet placed
2022-02-27_1_03,6,13,9999.9,8821.5,243.7,bet placed
2022-02-27_1_03,8,11,9999.9,8821.5,580.0,bet placed
2022-02-27_1_09,5,12,9999.9,8470.5,761.8,bet placed
2022-02-27_3_01,8,12,9999.9,9349.1,749.4,bet placed
2022-02-27_3_06,9,12,9999.9,9999.9,578.4,bet placed
2022-02-27_3_06,9,13,9999.9,7655.5,508.0,bet placed
2022-02-27_3_06,12,9,9999.9,9999.9,578.4,bet placed
2022-03-05_1_04,3,11,9999.9,9500.7,346.0,bet placed
2022-03-05_1_04,3,14,9999.9,9999.9,425.8,bet placed
2022-03-05_1_04,6,14,9999.9,9587.1,659.1,bet placed
2022-03-05_1_04,7,3,9999.9,5169.5,564.1,bet placed
2022-03-05_1_04,9,14,9999.9,9999.9,558.8,bet placed
2022-03-05_1_04,10,14,9999.9,9999.9,481.0,bet placed
2022-03-05_1_04,14,3,9999.9,9999.9,425.8,bet placed
2022-03-05_1_04,14,9,9999.9,9999.9,558.8,bet placed
2022-03-05_1_04,14,10,9999.9,9999.9,481.0,bet placed
2022-03-13_1_01,7,9,9999.9,9999.9,576.0,bet placed
2022-03-13_1_01,7,10,9999.9,9999.9,599.1,bet placed
2022-03-13_1_01,9,7,9999.9,9999.9,576.0,bet placed
2022-03-13_1_01,10,7,9999.9,9999.9,599.1,bet placed
2022-03-13_1_02,1,9,9999.9,9999.9,803.8,bet placed
2022-03-13_1_02,9,1,9999.9,9999.9,803.8,bet placed
2022-03-18_3_01,2,6,9999.9,6416.6,497.6,bet placed
2022-03-19_1_01,4,5,9999.9,9999.9,432.3,bet placed
2022-03-19_1_01,5,4,9999.9,9999.9,432.3,bet placed
2022-03-19_1_01,5,6,9999.9,9999.9,994.5,bet placed
2022-03-19_1_01,5,7,9999.9,9999.9,437.5,bet placed
2022-03-19_1_01,6,5,9999.9,9999.9,994.5,bet placed
2022-03-19_1_01,7,5,9999.9,9999.9,437.5,bet placed
2022-03-19_1_01,8,5,9999.9,4905.7,318.7,bet placed
2022-03-19_1_04,11,1,9999.9,7541.4,366.9,bet placed
2022-03-19_1_08,6,13,9999.9,9999.9,1283.8,bet placed
2022-03-19_1_08,10,13,9999.9,9090.6,848.5,bet placed
2022-03-19_1_08,13,6,9999.9,9999.9,1283.8,bet placed
2022-03-20_1_03,7,11,9999.9,9999.9,560.8,bet placed
2022-03-20_1_03,11,7,9999.9,9999.9,560.8,bet placed
2022-03-25_3_01,2,9,9999.9,9001.7,605.3,bet placed
2022-03-26_1_01,7,5,9999.9,9271.4,482.6,bet placed
2022-03-27_1_01,9,4,9999.9,7040.7,418.8,bet placed
2022-04-16_1_01,3,11,9999.9,5150.0,253.5,bet placed
2022-04-16_1_01,6,11,9999.9,9999.9,768.7,bet placed
2022-04-16_1_01,11,6,9999.9,9999.9,768.7,bet placed
2022-05-14_1_01,6,8,9999.9,9999.9,320.2,bet placed
2022-05-14_1_01,8,6,9999.9,9999.9,320.2,bet placed
2022-05-14_1_01,8,9,9999.9,9245.1,220.5,bet placed
2022-05-29_1_01,2,11,9999.9,9999.9,443.7,bet placed
2022-05-29_1_01,11,2,9999.9,9999.9,443.7,bet placed
2022-06-26_1_02,3,9,9999.9,3836.5,521.1,bet placed
2022-06-26_1_02,7,9,9999.9,2273.1,343.0,bet placed
2022-06-26_3_01,12,8,9999.9,6202.9,359.6,bet placed
2022-06-26_3_06,6,15,9999.9,9999.9,681.7,bet placed
2022-06-26_3_06,10,15,9999.9,8109.2,834.6,bet placed
2022-06-26_3_06,15,6,9999.9,9999.9,681.7,bet placed
2022-08-21_1_02,2,10,9999.9,9999.9,739.7,bet placed
2022-08-21_1_02,10,2,9999.9,9999.9,739.7,bet placed
2022-09-17_1_01,6,11,9999.9,5913.0,490.0,bet placed
2022-09-24_1_01,5,7,9999.9,8314.7,283.0,bet placed
2022-09-24_1_01,11,7,9999.9,5939.1,385.8,bet placed
2022-10-01_1_01,8,10,9999.9,6170.9,720.0,bet placed
2022-10-22_1_01,5,10,9999.9,9680.8,365.2,bet placed
2022-10-23_1_01,1,8,9999.9,6224.2,618.1,bet placed
2022-10-23_1_01,5,8,9999.9,8891.7,620.8,bet placed
2022-10-23_1_01,10,8,9999.9,3242.9,372.0,bet placed
2022-10-23_1_02,11,2,9999.9,6416.1,552.8,bet placed
2022-10-30_1_03,5,11,9999.9,5899.9,443.7,bet placed
2022-11-06_1_02,2,9,9999.9,9271.0,442.2,bet placed
2022-11-06_1_02,5,9,9999.9,5193.4,584.5,bet placed
2022-11-13_1_01,6,7,9999.9,8958.3,472.4,bet placed
2022-11-13_1_01,7,2,9999.9,9347.8,504.1,bet placed
2022-11-13_1_01,7,11,9999.9,9999.9,560.0,bet placed
2022-11-13_1_01,11,6,9999.9,8755.6,310.2,bet placed
2022-11-13_1_01,11,7,9999.9,9999.9,560.0,bet placed
2022-11-13_1_03,3,11,9999.9,8580.2,340.0,bet placed
2022-11-20_1_02,4,8,9999.9,7091.3,356.2,bet placed
2022-11-20_1_02,11,8,9999.9,5809.4,314.3,bet placed
2022-11-27_3_06,2,8,9999.9,7412.8,1077.6,bet placed
2022-11-27_3_06,15,7,9999.9,8267.1,827.9,bet placed
2022-12-04_1_02,12,4,9999.9,9551.1,816.4,bet placed
2022-12-11_1_08,5,11,9999.9,4197.9,227.3,bet placed
2022-12-11_1_08,11,16,9999.9,9999.9,895.8,bet placed
2022-12-11_1_08,16,11,9999.9,9999.9,895.8,bet placed
2022-12-16_3_01,1,10,9999.9,8038.4,624.3,bet placed
2022-12-16_3_01,5,8,9999.9,9102.3,343.5,bet placed
2022-12-16_3_01,5,10,9999.9,9999.9,522.2,bet placed
2022-12-16_3_01,6,10,9999.9,9999.9,976.8,bet placed
2022-12-16_3_01,7,10,9999.9,3071.8,348.5,bet placed
2022-12-16_3_01,8,10,9999.9,9999.9,556.6,bet placed
2022-12-16_3_01,10,5,9999.9,9999.9,522.2,bet placed
2022-12-16_3_01,10,6,9999.9,9999.9,976.8,bet placed
2022-12-16_3_01,10,8,9999.9,9999.9,556.6,bet placed
2022-12-17_1_01,6,12,9999.9,7507.9,521.5,bet placed
2022-12-17_1_01,7,11,9999.9,9999.9,805.9,bet placed
2022-12-17_1_01,11,6,9999.9,9176.3,1004.7,bet placed
2022-12-17_1_01,11,7,9999.9,9999.9,805.9,bet placed
2022-12-17_1_02,9,11,9999.9,5980.4,489.1,bet placed
2022-12-17_1_02,10,11,9999.9,7020.4,352.2,bet placed
2022-12-25_1_01,9,2,9999.9,5337.9,582.9,bet placed
2022-12-25_1_01,12,8,9999.9,8357.1,329.0,bet placed
2023-01-14_1_01,2,8,9999.9,7064.0,582.1,bet placed
2023-02-11_1_02,1,6,9999.9,7501.6,194.3,bet placed
2023-02-11_1_02,3,6,9999.9,7315.0,270.4,bet placed
2023-02-11_1_04,3,10,9999.9,8632.5,335.0,bet placed
2023-03-04_1_01,2,12,9999.9,7206.6,376.7,bet placed
2023-03-04_1_01,5,10,9999.9,9999.9,785.5,bet placed
2023-03-04_1_01,5,12,9999.9,8526.9,540.4,bet placed
2023-03-04_1_01,10,5,9999.9,9999.9,785.5,bet placed
2023-04-02_3_06,4,11,9999.9,8128.2,517.6,bet placed
2023-04-02_3_06,4,13,9999.9,9999.9,1021.8,bet placed
2023-04-02_3_06,5,11,9999.9,9999.9,377.0,bet placed
2023-04-02_3_06,6,11,9999.9,7323.9,530.7,bet placed
2023-04-02_3_06,8,11,9999.9,8109.2,630.2,bet placed
2023-04-02_3_06,11,5,9999.9,9999.9,377.0,bet placed
2023-04-02_3_06,13,4,9999.9,9999.9,1021.8,bet placed
2023-04-02_3_06,13,5,9999.9,8785.0,356.4,bet placed
2023-04-02_3_06,14,11,9999.9,7696.6,381.6,bet placed
2023-05-06_2_01,2,8,9999.9,6956.0,402.3,bet placed
2023-05-14_1_08,7,13,9999.9,8834.9,492.5,bet placed
2023-06-18_1_08,13,11,9999.9,7139.5,679.6,bet placed
2023-06-25_3_06,1,11,9999.9,9999.9,1107.3,bet placed
2023-06-25_3_06,2,11,9999.9,9999.9,864.5,bet placed
2023-06-25_3_06,4,1,9999.9,8359.6,472.4,bet placed
2023-06-25_3_06,4,11,9999.9,7312.4,1475.2,bet placed
2023-06-25_3_06,9,1,9999.9,8443.0,806.6,bet placed
2023-06-25_3_06,11,1,9999.9,9999.9,1107.3,bet placed
2023-06-25_3_06,11,2,9999.9,9999.9,864.5,bet placed
2023-06-25_3_06,12,1,9999.9,9842.0,1009.5,bet placed
2023-06-25_3_06,14,1,9999.9,8422.0,833.0,bet placed
2023-06-25_3_06,14,2,9999.9,9150.4,527.5,bet placed
2023-06-25_3_06,14,11,9999.9,8485.3,554.3,bet placed
2023-07-15_1_07,9,1,9999.9,5033.0,609.8,bet placed
2023-09-10_1_07,2,10,9999.9,7928.8,367.1,bet placed
2023-09-10_1_07,2,14,9999.9,9549.4,602.2,bet placed
2023-09-10_1_07,4,10,9999.9,9999.9,564.2,bet placed
2023-09-10_1_07,4,12,9999.9,9999.9,1337.4,bet placed
2023-09-10_1_07,4,14,9999.9,9999.9,1035.5,bet placed
2023-09-10_1_07,9,14,9999.9,8033.6,565.5,bet placed
2023-09-10_1_07,10,4,9999.9,9999.9,564.2,bet placed
2023-09-10_1_07,10,14,9999.9,9999.9,920.9,bet placed
2023-09-10_1_07,12,4,9999.9,9999.9,1337.4,bet placed
2023-09-10_1_07,12,14,9999.9,7479.6,650.1,bet placed
2023-09-10_1_07,13,4,9999.9,6300.2,564.2,bet placed
2023-09-10_1_07,14,4,9999.9,9999.9,1035.5,bet placed
2023-09-10_1_07,14,10,9999.9,9999.9,920.9,bet placed
2023-09-10_1_07,15,4,9999.9,9286.6,558.4,bet placed
2023-09-10_1_08,1,5,9999.9,6538.4,394.0,bet placed
2023-09-10_1_08,1,6,9999.9,5647.2,308.7,bet placed
2023-09-10_1_08,2,6,9999.9,9999.9,793.7,bet placed
2023-09-10_1_08,2,11,9999.9,9999.9,492.2,bet placed
2023-09-10_1_08,3,5,9999.9,9999.9,505.1,bet placed
2023-09-10_1_08,3,6,9999.9,9999.9,413.2,bet placed
2023-09-10_1_08,3,7,9999.9,7623.8,276.4,bet placed
2023-09-10_1_08,5,3,9999.9,9999.9,505.1,bet placed
2023-09-10_1_08,5,6,9999.9,9999.9,780.1,bet placed
2023-09-10_1_08,5,7,9999.9,9999.9,1470.9,bet placed
2023-09-10_1_08,5,9,9999.9,9999.9,677.8,bet placed
2023-09-10_1_08,5,11,9999.9,9999.9,768.1,bet placed
2023-09-10_1_08,5,13,9999.9,9999.9,869.3,bet placed
2023-09-10_1_08,6,2,9999.9,9999.9,793.7,bet placed
2023-09-10_1_08,6,3,9999.9,9999.9,413.2,bet placed
2023-09-10_1_08,6,5,9999.9,9999.9,780.1,bet placed
2023-09-10_1_08,6,7,9999.9,9999.9,822.3,bet placed
2023-09-10_1_08,6,11,9999.9,9999.9,843.0,bet placed
2023-09-10_1_08,6,13,9999.9,9999.9,429.8,bet placed
2023-09-10_1_08,7,5,9999.9,9999.9,1470.9,bet placed
2023-09-10_1_08,7,6,9999.9,9999.9,822.3,bet placed
2023-09-10_1_08,8,5,9999.9,3751.9,496.6,bet placed
2023-09-10_1_08,9,3,9999.9,6943.3,250.2,bet placed
2023-09-10_1_08,9,5,9999.9,9999.9,677.8,bet placed
2023-09-10_1_08,11,2,9999.9,9999.9,492.2,bet placed
2023-09-10_1_08,11,5,9999.9,9999.9,768.1,bet placed
2023-09-10_1_08,11,6,9999.9,9999.9,843.0,bet placed
2023-09-10_1_08,12,5,9999.9,9505.9,533.0,bet placed
2023-09-10_1_08,12,6,9999.9,9342.8,397.1,bet placed
2023-09-10_1_08,13,5,9999.9,9999.9,869.3,bet placed
2023-09-10_1_08,13,6,9999.9,9999.9,429.8,bet placed
2023-09-17_1_08,2,7,9999.9,9999.9,761.4,bet placed
2023-09-17_1_08,5,7,9999.9,5301.0,402.1,bet placed
2023-09-17_1_08,7,2,9999.9,9999.9,761.4,bet placed
2023-09-23_1_01,6,7,9999.9,9346.6,409.5,bet placed
2023-09-23_1_01,10,7,9999.9,9650.6,459.7,bet placed
2023-09-24_1_08,4,13,9999.9,8269.0,1053.4,bet placed
2023-09-24_1_08,5,13,9999.9,8784.5,902.7,bet placed
2023-09-24_1_08,7,2,9999.9,9444.0,659.5,bet placed
2023-09-24_1_08,7,13,9999.9,9999.9,1326.0,bet placed
2023-09-24_1_08,7,15,9999.9,7708.1,1130.9,bet placed
2023-09-24_1_08,8,13,9999.9,9867.2,527.3,bet placed
2023-09-24_1_08,11,7,9999.9,8784.5,633.1,bet placed
2023-09-24_1_08,13,2,9999.9,8918.0,892.8,bet placed
2023-09-24_1_08,13,7,9999.9,9999.9,1326.0,bet placed
2023-10-14_1_01,7,6,9999.9,4240.4,325.8,bet placed
2023-10-21_1_01,5,8,9999.9,4833.7,375.8,bet placed
2023-10-22_3_01,10,8,9999.9,9185.2,405.2,bet placed
2023-10-27_3_01,4,8,9999.9,7517.1,312.6,bet placed
2023-10-28_1_01,1,9,9999.9,4913.2,480.1,bet placed
2023-10-28_1_01,8,11,9999.9,9999.9,647.4,bet placed
2023-10-28_1_01,9,11,9999.9,8482.1,521.3,bet placed
2023-10-28_1_01,11,8,9999.9,9999.9,647.4,bet placed
2023-10-29_3_05,1,4,9999.9,9999.9,574.0,bet placed
2023-10-29_3_05,1,12,9999.9,9845.9,799.3,bet placed
2023-10-29_3_05,4,1,9999.9,9999.9,574.0,bet placed
2023-10-29_3_05,4,13,9999.9,9999.9,598.1,bet placed
2023-10-29_3_05,10,1,9999.9,5731.8,511.0,bet placed
2023-10-29_3_05,12,4,9999.9,9777.8,891.1,bet placed
2023-10-29_3_05,13,4,9999.9,9999.9,598.1,bet placed
2023-11-03_3_01,2,9,9999.9,9999.9,285.8,bet placed
2023-11-03_3_01,9,2,9999.9,9999.9,285.8,bet placed
2023-11-12_3_05,1,9,9999.9,6918.5,723.7,bet placed
2023-11-12_3_05,1,10,9999.9,9999.9,779.6,bet placed
2023-11-12_3_05,1,11,9999.9,9999.9,745.6,bet placed
2023-11-12_3_05,10,1,9999.9,9999.9,779.6,bet placed
2023-11-12_3_05,11,1,9999.9,9999.9,745.6,bet placed
2023-11-12_3_05,12,1,9999.9,8977.6,823.6,bet placed
2023-11-12_3_05,13,1,9999.9,7938.1,869.1,bet placed
2023-11-12_3_05,13,11,9999.9,6284.3,297.3,bet placed
2023-11-12_3_05,14,1,9999.9,3241.2,327.5,bet placed
2023-11-18_1_02,12,4,9999.9,4982.3,348.9,bet placed
2023-11-19_1_01,9,12,9999.9,9999.9,356.8,bet placed
2023-11-19_1_01,12,9,9999.9,9999.9,356.8,bet placed
2023-11-19_1_02,1,6,9999.9,4645.5,210.1,bet placed
2023-11-19_1_08,1,6,9999.9,7472.3,779.8,bet placed
2023-11-19_1_08,1,9,9999.9,8079.7,733.1,bet placed
2023-11-19_1_08,4,6,9999.9,9999.9,922.9,bet placed
2023-11-19_1_08,4,7,9999.9,9292.8,1055.0,bet placed
2023-11-19_1_08,4,10,9999.9,6979.5,1281.1,bet placed
2023-11-19_1_08,4,12,9999.9,7069.7,477.9,bet placed
2023-11-19_1_08,5,6,9999.9,7115.7,497.8,bet placed
2023-11-19_1_08,6,4,9999.9,9999.9,922.9,bet placed
2023-11-19_1_08,6,9,9999.9,6708.3,1318.8,bet placed
2023-11-19_1_08,6,10,9999.9,2952.6,496.4,bet placed
2023-11-19_1_08,7,6,9999.9,7355.0,653.8,bet placed
2023-11-19_1_08,7,9,9999.9,9999.9,535.9,bet placed
2023-11-19_1_08,9,7,9999.9,9999.9,535.9,bet placed
2023-11-19_1_08,9,10,9999.9,9734.0,693.4,bet placed
2023-11-19_1_08,13,6,9999.9,2546.8,336.5,bet placed
2023-11-19_1_08,13,9,9999.9,3326.9,485.2,bet placed
2023-11-19_1_08,14,4,9999.9,8180.4,485.2,bet placed
2023-11-19_1_08,14,6,9999.9,9508.2,578.6,bet placed
2023-11-19_1_08,14,9,9999.9,8632.5,623.5,bet placed
2023-12-10_3_05,1,15,9999.9,9999.9,1558.8,bet placed
2023-12-10_3_05,10,1,9999.9,5982.3,674.8,bet placed
2023-12-10_3_05,12,1,9999.9,8163.0,1106.7,bet placed
2023-12-10_3_05,12,15,9999.9,9999.9,992.6,bet placed
2023-12-10_3_05,13,1,9999.9,9962.7,1059.1,bet placed
2023-12-10_3_05,13,10,9999.9,6990.4,469.5,bet placed
2023-12-10_3_05,15,1,9999.9,9999.9,1558.8,bet placed
2023-12-10_3_05,15,12,9999.9,9999.9,992.6,bet placed
2023-12-10_3_06,1,12,9999.9,9999.9,707.5,bet placed
2023-12-10_3_06,5,10,9999.9,6271.6,614.9,bet placed
2023-12-10_3_06,9,5,9999.9,9503.6,685.4,bet placed
2023-12-10_3_06,9,12,9999.9,7213.1,991.6,bet placed
2023-12-10_3_06,12,1,9999.9,9999.9,707.5,bet placed
2023-12-16_1_03,2,7,9999.9,9999.9,624.9,bet placed
2023-12-16_1_03,3,7,9999.9,7114.8,242.6,bet placed
2023-12-16_1_03,6,7,9999.9,4662.1,285.6,bet placed
2023-12-16_1_03,7,2,9999.9,9999.9,624.9,bet placed
2023-12-16_1_03,9,7,9999.9,7908.8,532.1,bet placed
2023-12-16_1_03,11,7,9999.9,7669.2,304.4,bet placed
2023-12-17_1_08,1,14,9999.9,8977.5,469.4,bet placed
2023-12-17_1_08,3,12,9999.9,9999.9,455.6,bet placed
2023-12-17_1_08,3,14,9999.9,9999.9,343.6,bet placed
2023-12-17_1_08,4,12,9999.9,9999.9,1290.4,bet placed
2023-12-17_1_08,4,14,9999.9,9999.9,513.8,bet placed
2023-12-17_1_08,4,15,9999.9,9999.9,874.8,bet placed
2023-12-17_1_08,5,8,9999.9,9999.9,490.0,bet placed
2023-12-17_1_08,5,9,9999.9,9999.9,303.5,bet placed
2023-12-17_1_08,5,12,9999.9,9999.9,1190.7,bet placed
2023-12-17_1_08,5,14,9999.9,9999.9,1205.8,bet placed
2023-12-17_1_08,5,15,9999.9,9999.9,447.7,bet placed
2023-12-17_1_08,6,12,9999.9,9999.9,466.7,bet placed
2023-12-17_1_08,6,15,9999.9,8266.2,384.3,bet placed
2023-12-17_1_08,8,5,9999.9,9999.9,490.0,bet placed
2023-12-17_1_08,8,12,9999.9,9999.9,917.0,bet placed
2023-12-17_1_08,8,14,9999.9,9999.9,925.9,bet placed
2023-12-17_1_08,8,15,9999.9,7959.4,395.0,bet placed
2023-12-17_1_08,9,5,9999.9,9999.9,303.5,bet placed
2023-12-17_1_08,9,12,9999.9,9999.9,393.1,bet placed
2023-12-17_1_08,9,15,9999.9,8109.9,369.9,bet placed
2023-12-17_1_08,11,4,9999.9,7926.7,450.5,bet placed
2023-12-17_1_08,11,12,9999.9,9999.9,928.9,bet placed
2023-12-17_1_08,11,14,9999.9,9999.9,906.8,bet placed
2023-12-17_1_08,11,15,9999.9,8655.4,351.0,bet placed
2023-12-17_1_08,12,3,9999.9,9999.9,455.6,bet placed
2023-12-17_1_08,12,4,9999.9,9999.9,1290.4,bet placed
2023-12-17_1_08,12,5,9999.9,9999.9,1190.7,bet placed
2023-12-17_1_08,12,6,9999.9,9999.9,466.7,bet placed
2023-12-17_1_08,12,8,9999.9,9999.9,917.0,bet placed
2023-12-17_1_08,12,9,9999.9,9999.9,393.1,bet placed
2023-12-17_1_08,12,11,9999.9,9999.9,928.9,bet placed
2023-12-17_1_08,12,14,9999.9,8076.0,1374.3,bet placed
2023-12-17_1_08,12,15,9999.9,9999.9,853.8,bet placed
2023-12-17_1_08,14,3,9999.9,9999.9,343.6,bet placed
2023-12-17_1_08,14,4,9999.9,9999.9,513.8,bet placed
2023-12-17_1_08,14,5,9999.9,9999.9,1205.8,bet placed
2023-12-17_1_08,14,8,9999.9,9999.9,925.9,bet placed
2023-12-17_1_08,14,11,9999.9,9999.9,906.8,bet placed
2023-12-17_1_08,14,15,9999.9,9999.9,475.3,bet placed
2023-12-17_1_08,15,4,9999.9,9999.9,874.8,bet placed
2023-12-17_1_08,15,5,9999.9,9999.9,447.7,bet placed
2023-12-17_1_08,15,12,9999.9,9999.9,853.8,bet placed
2023-12-17_1_08,15,14,9999.9,9999.9,475.3,bet placed
2024-02-18_1_02,3,10,9999.9,9821.7,585.2,bet placed
2024-02-18_1_07,4,11,9999.9,8602.7,1222.9,bet placed
2024-02-18_1_07,14,11,9999.9,6207.9,811.1,bet placed
2024-02-18_1_07,15,11,9999.9,7707.7,1105.8,bet placed
2024-02-18_1_07,16,11,9999.9,6600.3,477.6,bet placed
2024-02-18_3_02,2,12,9999.9,7655.8,268.6,bet placed
2024-02-18_3_03,5,12,9999.9,7766.2,368.2,bet placed
2024-03-17_1_07,1,9,9999.9,9999.9,704.8,bet placed
2024-03-17_1_07,1,12,9999.9,9999.9,949.7,bet placed
2024-03-17_1_07,4,12,9999.9,9999.9,548.5,bet placed
2024-03-17_1_07,9,1,9999.9,9999.9,704.8,bet placed
2024-03-17_1_07,12,1,9999.9,9999.9,949.7,bet placed
2024-03-17_1_07,12,4,9999.9,9999.9,548.5,bet placed
2024-03-17_1_07,15,1,9999.9,8744.5,361.5,bet placed
2024-03-31_3_05,1,13,9999.9,9999.9,943.0,bet placed
2024-03-31_3_05,1,15,9999.9,9999.9,771.3,bet placed
2024-03-31_3_05,2,10,9999.9,8533.4,330.7,bet placed
2024-03-31_3_05,7,13,9999.9,9999.9,2031.0,bet placed
2024-03-31_3_05,7,15,9999.9,9999.9,730.3,bet placed
2024-03-31_3_05,12,1,9999.9,9768.5,1110.8,bet placed
2024-03-31_3_05,12,7,9999.9,8011.5,621.8,bet placed
2024-03-31_3_05,13,1,9999.9,9999.9,943.0,bet placed
2024-03-31_3_05,13,2,9999.9,7842.3,448.7,bet placed
2024-03-31_3_05,13,7,9999.9,9999.9,2031.0,bet placed
2024-03-31_3_05,15,1,9999.9,9999.9,771.3,bet placed
2024-03-31_3_05,15,7,9999.9,9999.9,730.3,bet placed
2024-04-14_1_07,1,10,9999.9,9999.9,987.2,bet placed
2024-04-14_1_07,1,13,9999.9,9999.9,1048.5,bet placed
2024-04-14_1_07,1,14,9999.9,9999.9,687.4,bet placed
2024-04-14_1_07,1,15,9999.9,9999.9,1819.5,bet placed
2024-04-14_1_07,8,10,9999.9,9999.9,997.8,bet placed
2024-04-14_1_07,8,13,9999.9,9999.9,561.5,bet placed
2024-04-14_1_07,8,15,9999.9,9999.9,573.7,bet placed
2024-04-14_1_07,10,1,9999.9,9999.9,987.2,bet placed
2024-04-14_1_07,10,8,9999.9,9999.9,997.8,bet placed
2024-04-14_1_07,10,15,9999.9,9489.7,939.7,bet placed
2024-04-14_1_07,11,1,9999.9,3453.4,310.9,bet placed
2024-04-14_1_07,13,1,9999.9,9999.9,1048.5,bet placed
2024-04-14_1_07,13,8,9999.9,9999.9,561.5,bet placed
2024-04-14_1_07,14,1,9999.9,9999.9,687.4,bet placed
2024-04-14_1_07,14,8,9999.9,6834.9,749.9,bet placed
2024-04-14_1_07,15,1,9999.9,9999.9,1819.5,bet placed
2024-04-14_1_07,15,8,9999.9,9999.9,573.7,bet placed
2024-04-14_1_07,16,1,9999.9,5080.8,796.5,bet placed
2024-04-14_1_07,16,8,9999.9,3280.7,746.8,bet placed
2024-04-14_1_07,16,10,9999.9,4706.0,823.0,bet placed
2024-04-21_1_07,1,12,9999.9,9999.9,767.7,bet placed
2024-04-21_1_07,1,15,9999.9,9999.9,643.7,bet placed
2024-04-21_1_07,2,15,9999.9,4512.5,1043.6,bet placed
2024-04-21_1_07,4,15,9999.9,4045.5,492.0,bet placed
2024-04-21_1_07,5,9,9999.9,4877.8,394.5,bet placed
2024-04-21_1_07,5,12,9999.9,7124.5,566.3,bet placed
2024-04-21_1_07,6,15,9999.9,9999.9,1061.3,bet placed
2024-04-21_1_07,8,12,9999.9,9999.9,667.2,bet placed
2024-04-21_1_07,8,15,9999.9,9641.8,807.2,bet placed
2024-04-21_1_07,9,12,9999.9,8872.8,587.6,bet placed
2024-04-21_1_07,9,15,9999.9,9999.9,511.5,bet placed
2024-04-21_1_07,12,1,9999.9,9999.9,767.7,bet placed
2024-04-21_1_07,12,8,9999.9,9999.9,667.2,bet placed
2024-04-21_1_07,12,15,9999.9,9999.9,961.2,bet placed
2024-04-21_1_07,13,9,9999.9,5376.4,377.9,bet placed
2024-04-21_1_07,15,1,9999.9,9999.9,643.7,bet placed
2024-04-21_1_07,15,6,9999.9,9999.9,1061.3,bet placed
2024-04-21_1_07,15,9,9999.9,9999.9,511.5,bet placed
2024-04-21_1_07,15,12,9999.9,9999.9,961.2,bet placed
2024-04-28_1_07,11,5,9999.9,8087.3,262.0,bet placed
2024-05-05_3_06,1,11,9999.9,9999.9,944.4,bet placed
2024-05-05_3_06,1,12,9999.9,9999.9,1733.9,bet placed
2024-05-05_3_06,1,14,9999.9,7477.7,333.5,bet placed
2024-05-05_3_06,4,11,9999.9,9999.9,1236.4,bet placed
2024-05-05_3_06,4,12,9999.9,9999.9,840.7,bet placed
2024-05-05_3_06,5,12,9999.9,9999.9,1093.3,bet placed
2024-05-05_3_06,9,12,9999.9,5681.9,952.5,bet placed
2024-05-05_3_06,11,1,9999.9,9999.9,944.4,bet placed
2024-05-05_3_06,11,4,9999.9,9999.9,1236.4,bet placed
2024-05-05_3_06,11,12,9999.9,9999.9,804.1,bet placed
2024-05-05_3_06,12,1,9999.9,9999.9,1733.9,bet placed
2024-05-05_3_06,12,4,9999.9,9999.9,840.7,bet placed
2024-05-05_3_06,12,5,9999.9,9999.9,1093.3,bet placed
2024-05-05_3_06,12,11,9999.9,9999.9,804.1,bet placed
2024-05-05_3_06,14,12,9999.9,6207.3,746.0,bet placed
2024-05-12_1_08,6,12,9999.9,9999.9,489.1,bet placed
2024-05-12_1_08,12,6,9999.9,9999.9,489.1,bet placed
2024-05-19_1_07,1,9,9999.9,9350.2,1382.0,bet placed
2024-05-19_1_07,1,11,9999.9,9999.9,1098.6,bet placed
2024-05-19_1_07,11,1,9999.9,9999.9,1098.6,bet placed
2024-05-19_1_07,13,1,9999.9,5614.2,1545.9,bet placed
2024-05-19_1_08,1,16,9999.9,7708.5,726.8,bet placed
2024-05-19_1_08,3,16,9999.9,6340.9,646.7,bet placed
2024-05-19_1_08,4,16,9999.9,9999.9,1131.2,bet placed
2024-05-19_1_08,5,14,9999.9,9724.2,693.7,bet placed
2024-05-19_1_08,5,16,9999.9,9899.1,1173.3,bet placed
2024-05-19_1_08,7,16,9999.9,9999.9,1291.3,bet placed
2024-05-19_1_08,10,16,9999.9,9999.9,1050.2,bet placed
2024-05-19_1_08,12,16,9999.9,9999.9,1346.4,bet placed
2024-05-19_1_08,14,4,9999.9,9142.7,931.2,bet placed
2024-05-19_1_08,15,7,9999.9,8599.8,1248.2,bet placed
2024-05-19_1_08,16,4,9999.9,9999.9,1131.2,bet placed
2024-05-19_1_08,16,7,9999.9,9999.9,1291.3,bet placed
2024-05-19_1_08,16,10,9999.9,9999.9,1050.2,bet placed
2024-05-19_1_08,16,12,9999.9,9999.9,1346.4,bet placed
2024-05-26_3_03,1,12,9999.9,4157.1,341.3,bet placed
2024-05-26_3_03,2,12,9999.9,8244.5,753.8,bet placed
2024-05-26_3_03,4,8,9999.9,9999.9,715.1,bet placed
2024-05-26_3_03,4,12,9999.9,9999.9,1129.6,bet placed
2024-05-26_3_03,5,12,9999.9,3416.1,366.6,bet placed
2024-05-26_3_03,7,12,9999.9,6677.6,704.7,bet placed
2024-05-26_3_03,8,4,9999.9,9999.9,715.1,bet placed
2024-05-26_3_03,8,12,9999.9,9166.2,1028.3,bet placed
2024-05-26_3_03,8,13,9999.9,9999.9,462.3,bet placed
2024-05-26_3_03,9,4,9999.9,9490.4,595.9,bet placed
2024-05-26_3_03,9,12,9999.9,9999.9,1202.8,bet placed
2024-05-26_3_03,9,13,9999.9,9999.9,559.1,bet placed
2024-05-26_3_03,10,4,9999.9,5435.6,582.5,bet placed
2024-05-26_3_03,10,8,9999.9,7234.1,724.4,bet placed
2024-05-26_3_03,12,4,9999.9,9999.9,1129.6,bet placed
2024-05-26_3_03,12,9,9999.9,9999.9,1202.8,bet placed
2024-05-26_3_03,13,4,9999.9,8432.9,466.2,bet placed
2024-05-26_3_03,13,8,9999.9,9999.9,462.3,bet placed
2024-05-26_3_03,13,9,9999.9,9999.9,559.1,bet placed
2024-05-26_3_03,14,8,9999.9,8361.2,904.2,bet placed
2024-05-26_3_03,14,9,9999.9,8267.6,497.7,bet placed
2024-06-30_3_08,15,9,9999.9,6062.7,459.0,bet placed
2024-09-08_1_06,1,14,9999.9,9999.9,976.5,bet placed
2024-09-08_1_06,1,15,9999.9,9999.9,956.9,bet placed
2024-09-08_1_06,3,14,9999.9,9249.5,936.0,bet placed
2024-09-08_1_06,4,14,9999.9,9999.9,1498.9,bet placed
2024-09-08_1_06,4,15,9999.9,9999.9,722.9,bet placed
2024-09-08_1_06,4,16,9999.9,9999.9,842.2,bet placed
2024-09-08_1_06,5,14,9999.9,9999.9,593.7,bet placed
2024-09-08_1_06,5,16,9999.9,9999.9,580.1,bet placed
2024-09-08_1_06,6,14,9999.9,7629.7,529.2,bet placed
2024-09-08_1_06,10,14,9999.9,3824.6,511.5,bet placed
2024-09-08_1_06,13,4,9999.9,7553.0,655.5,bet placed
2024-09-08_1_06,14,1,9999.9,9999.9,976.5,bet placed
2024-09-08_1_06,14,4,9999.9,9999.9,1498.9,bet placed
2024-09-08_1_06,14,5,9999.9,9999.9,593.7,bet placed
2024-09-08_1_06,15,1,9999.9,9999.9,956.9,bet placed
2024-09-08_1_06,15,4,9999.9,9999.9,722.9,bet placed
2024-09-08_1_06,16,4,9999.9,9999.9,842.2,bet placed
2024-09-08_1_06,16,5,9999.9,9999.9,580.1,bet placed
2024-10-13_1_01,4,12,9999.9,7571.6,577.3,bet placed
2024-10-13_1_01,11,2,9999.9,6747.2,484.9,bet placed
2024-10-13_1_07,3,6,9999.9,6561.9,598.8,bet placed
2024-10-13_1_07,5,6,9999.9,6819.5,602.6,bet placed
2024-10-13_1_07,6,7,9999.9,9999.9,651.6,bet placed
2024-10-13_1_07,6,12,9999.9,9999.9,1371.1,bet placed
2024-10-13_1_07,7,6,9999.9,9999.9,651.6,bet placed
2024-10-13_1_07,8,6,9999.9,8365.0,740.3,bet placed
2024-10-13_1_07,9,6,9999.9,8485.2,818.4,bet placed
2024-10-13_1_07,12,6,9999.9,9999.9,1371.1,bet placed
2024-10-13_1_07,13,6,9999.9,6504.1,622.4,bet placed
2024-10-13_1_07,14,6,9999.9,8509.7,746.1,bet placed
2024-10-13_1_07,14,8,9999.9,7895.3,535.1,bet placed
2024-10-20_3_04,3,7,9999.9,5840.7,576.5,bet placed
2024-10-20_3_04,5,7,9999.9,4472.7,526.4,bet placed
2024-10-26_1_01,12,7,9999.9,8656.1,390.5,bet placed
2024-11-10_3_06,16,10,9999.9,7515.4,572.3,bet placed
2024-11-24_3_05,1,13,9999.9,9999.9,1114.4,bet placed
2024-11-24_3_05,2,7,9999.9,6674.7,619.7,bet placed
2024-11-24_3_05,2,13,9999.9,6183.1,590.9,bet placed
2024-11-24_3_05,5,13,9999.9,8800.9,411.1,bet placed
2024-11-24_3_05,5,15,9999.9,9999.9,481.8,bet placed
2024-11-24_3_05,6,7,9999.9,8205.4,1035.6,bet placed
2024-11-24_3_05,6,13,9999.9,9999.9,1010.9,bet placed
2024-11-24_3_05,6,15,9999.9,9999.9,1449.1,bet placed
2024-11-24_3_05,7,1,9999.9,8144.1,1253.6,bet placed
2024-11-24_3_05,8,13,9999.9,9999.9,474.6,bet placed
2024-11-24_3_05,9,7,9999.9,7398.7,845.0,bet placed
2024-11-24_3_05,9,13,9999.9,9327.5,509.5,bet placed
2024-11-24_3_05,10,7,9999.9,7526.3,661.6,bet placed
2024-11-24_3_05,13,1,9999.9,9999.9,1114.4,bet placed
2024-11-24_3_05,13,6,9999.9,9999.9,1010.9,bet placed
2024-11-24_3_05,13,8,9999.9,9999.9,474.6,bet placed
2024-11-24_3_05,15,5,9999.9,9999.9,481.8,bet placed
2024-11-24_3_05,15,6,9999.9,9999.9,1449.1,bet placed
2024-11-24_3_05,15,7,9999.9,9094.3,781.0,bet placed
2024-11-24_3_06,7,14,9999.9,9999.9,907.3,bet placed
2024-11-24_3_06,14,7,9999.9,9999.9,907.3,bet placed
2024-11-24_3_06,16,7,9999.9,5473.4,548.7,bet placed
2024-12-01_1_07,1,6,9999.9,9939.2,763.9,bet placed
2024-12-01_1_07,1,13,9999.9,9999.9,743.9,bet placed
2024-12-01_1_07,6,14,9999.9,9999.9,1278.9,bet placed
2024-12-01_1_07,9,13,9999.9,9999.9,410.2,bet placed
2024-12-01_1_07,13,1,9999.9,9999.9,743.9,bet placed
2024-12-01_1_07,13,6,9999.9,7448.9,742.7,bet placed
2024-12-01_1_07,13,9,9999.9,9999.9,410.2,bet placed
2024-12-01_1_07,14,6,9999.9,9999.9,1278.9,bet placed
2025-04-13_1_08,11,14,9999.9,5551.0,561.0,bet placed
2025-04-20_1_07,8,6,9999.9,9140.6,595.3,bet placed
2025-04-20_1_07,8,13,9999.9,9999.9,702.9,bet placed
2025-04-20_1_07,13,5,9999.9,6175.5,522.2,bet placed
2025-04-20_1_07,13,6,9999.9,9377.6,314.5,bet placed
2025-04-20_1_07,13,8,9999.9,9999.9,702.9,bet placed
2025-04-20_1_07,15,6,9999.9,5689.8,258.6,bet placed
2025-04-27_1_08,6,16,9999.9,9999.9,574.6,bet placed
2025-04-27_1_08,10,16,9999.9,9999.9,919.5,bet placed
2025-04-27_1_08,16,6,9999.9,9999.9,574.6,bet placed
2025-04-27_1_08,16,10,9999.9,9999.9,919.5,bet placed
2025-05-25_3_02,1,12,9999.9,4774.5,841.0,bet placed
2025-05-25_3_02,1,14,9999.9,5013.3,911.7,bet placed
2025-05-25_3_02,2,7,9999.9,9999.9,389.1,bet placed
2025-05-25_3_02,7,2,9999.9,9999.9,389.1,bet placed
2025-05-25_3_02,7,9,9999.9,9999.9,754.1,bet placed
2025-05-25_3_02,9,7,9999.9,9999.9,754.1,bet placed
2025-05-25_3_02,9,11,9999.9,9999.9,529.9,bet placed
2025-05-25_3_02,9,12,9999.9,9115.0,1031.3,bet placed
2025-05-25_3_02,9,14,9999.9,9999.9,572.3,bet placed
2025-05-25_3_02,11,9,9999.9,9999.9,529.9,bet placed
2025-05-25_3_02,11,14,9999.9,9999.9,559.5,bet placed
2025-05-25_3_02,13,7,9999.9,6756.4,410.6,bet placed
2025-05-25_3_02,14,9,9999.9,9999.9,572.3,bet placed
2025-05-25_3_02,14,11,9999.9,9999.9,559.5,bet placed
2025-06-01_3_06,12,5,9999.9,6787.7,790.0,bet placed
2025-06-01_3_06,13,5,9999.9,9532.7,984.9,bet placed
2025-06-01_3_06,14,5,9999.9,3752.4,383.7,bet placed
2025-06-29_3_06,4,12,9999.9,9575.9,1146.7,bet placed
2025-06-29_3_06,5,13,9999.9,8246.7,1068.6,bet placed
2025-06-29_3_06,6,12,9999.9,7577.4,825.6,bet placed
2025-06-29_3_06,8,12,9999.9,5670.7,556.3,bet placed
2025-06-29_3_06,15,12,9999.9,5186.9,773.5,bet placed
2025-10-26_3_03,1,14,9999.9,9999.9,985.5,bet placed
2025-10-26_3_03,2,14,9999.9,9999.9,723.2,bet placed
2025-10-26_3_03,2,16,9999.9,9999.9,516.1,bet placed
2025-10-26_3_03,8,14,9999.9,9999.9,200.0,bet placed
2025-10-26_3_03,11,1,9999.9,7151.5,918.3,bet placed
2025-10-26_3_03,11,14,9999.9,9953.1,611.7,bet placed
2025-10-26_3_03,11,16,9999.9,9902.1,494.2,bet placed
2025-10-26_3_03,14,1,9999.9,9999.9,985.5,bet placed
2025-10-26_3_03,14,2,9999.9,9999.9,723.2,bet placed
2025-10-26_3_03,14,8,9999.9,9999.9,200.0,bet placed
2025-10-26_3_03,16,1,9999.9,3771.3,875.4,bet placed
2025-10-26_3_03,16,2,9999.9,9999.9,516.1,bet placed
2025-10-26_3_03,16,8,9999.9,9194.8,682.2,bet placed
2025-10-26_3_06,8,14,9999.9,9999.9,1147.2,bet placed
2025-10-26_3_06,9,14,9999.9,9999.9,912.6,bet placed
2025-10-26_3_06,14,8,9999.9,9999.9,1147.2,bet placed
2025-10-26_3_06,14,9,9999.9,9999.9,912.6,bet placed
2025-11-30_1_08,1,10,9999.9,8271.3,914.6,bet placed
2025-11-30_1_08,10,15,9999.9,9999.9,1352.1,bet placed
2025-11-30_1_08,15,2,9999.9,6294.3,1068.8,bet placed
2025-11-30_1_08,15,10,9999.9,9999.9,1352.1,bet placed
